==============================================================================
NIFTY 100 - SPRINT 2 DAY 13 RATIO EDGE CASE LOG
==============================================================================

FINANCIALS CARVE-OUT
------------------------------------------------------------------------------
Financials companies found: 23
Expected specification count: 19
Actual database count: 23
High leverage flags on Financials rows: 0
STATUS: PASS - Financials leverage warning suppression is working.

Financials companies:
  - AXISBANK
  - BAJAJFINSV
  - BAJAJHLDNG
  - BAJFINANCE
  - BANKBARODA
  - CANBK
  - CHOLAFIN
  - HDFCBANK
  - HDFCLIFE
  - ICICIBANK
  - ICICIGI
  - ICICIPRULI
  - INDUSINDBK
  - IRFC
  - JIOFIN
  - KOTAKBANK
  - LICI
  - PFC
  - PNB
  - RECLTD
  - SBILIFE
  - SBIN
  - SHRIRAMFIN

ROCE SOURCE COMPARISON
------------------------------------------------------------------------------
Anomaly threshold: absolute difference > 5 percentage points
ROCE anomalies found: 833

ABB | 2012 | calculated=36.3215 | source=46.0000 | difference=9.6785 | category=formula discrepancy
ABB | 2014 | calculated=29.8223 | source=46.0000 | difference=16.1777 | category=formula discrepancy
ABB | 2014 | calculated=29.8223 | source=46.0000 | difference=16.1777 | category=formula discrepancy
ABB | 2015 | calculated=25.0800 | source=46.0000 | difference=20.9200 | category=formula discrepancy
ABB | 2015 | calculated=25.0800 | source=46.0000 | difference=20.9200 | category=formula discrepancy
ABB | 2016 | calculated=19.6653 | source=46.0000 | difference=26.3347 | category=version difference
ABB | 2016 | calculated=19.6653 | source=46.0000 | difference=26.3347 | category=version difference
ABB | 2017 | calculated=16.9430 | source=46.0000 | difference=29.0570 | category=version difference
ABB | 2017 | calculated=16.9430 | source=46.0000 | difference=29.0570 | category=version difference
ABB | 2018 | calculated=13.8807 | source=46.0000 | difference=32.1193 | category=version difference
ABB | 2018 | calculated=13.8807 | source=46.0000 | difference=32.1193 | category=version difference
ABB | 2019 | calculated=11.7032 | source=46.0000 | difference=34.2968 | category=version difference
ABB | 2019 | calculated=11.7032 | source=46.0000 | difference=34.2968 | category=version difference
ABB | 2020 | calculated=9.0177 | source=46.0000 | difference=36.9823 | category=version difference
ABB | 2020 | calculated=9.0177 | source=46.0000 | difference=36.9823 | category=version difference
ABB | 2021 | calculated=8.5299 | source=46.0000 | difference=37.4701 | category=version difference
ABB | 2021 | calculated=8.5299 | source=46.0000 | difference=37.4701 | category=version difference
ABB | 2022 | calculated=7.9071 | source=46.0000 | difference=38.0929 | category=version difference
ABB | 2022 | calculated=7.9071 | source=46.0000 | difference=38.0929 | category=version difference
ABB | 2023 | calculated=7.1191 | source=46.0000 | difference=38.8809 | category=version difference
ABB | 2023 | calculated=7.1191 | source=46.0000 | difference=38.8809 | category=version difference
ABB | 2024 | calculated=6.2136 | source=46.0000 | difference=39.7864 | category=version difference
ABB | 2024 | calculated=6.2136 | source=46.0000 | difference=39.7864 | category=version difference
ADANIENSOL | 2014 | calculated=0.0000 | source=9.0000 | difference=9.0000 | category=formula discrepancy
ADANIENSOL | 2015 | calculated=0.0000 | source=9.0000 | difference=9.0000 | category=formula discrepancy
ADANIENSOL | 2016 | calculated=0.0000 | source=9.0000 | difference=9.0000 | category=formula discrepancy
ADANIENSOL | 2017 | calculated=0.0000 | source=9.0000 | difference=9.0000 | category=formula discrepancy
ADANIENSOL | 2018 | calculated=0.0000 | source=9.0000 | difference=9.0000 | category=formula discrepancy
ADANIENSOL | 2019 | calculated=0.0000 | source=9.0000 | difference=9.0000 | category=formula discrepancy
ADANIENSOL | 2020 | calculated=0.0000 | source=9.0000 | difference=9.0000 | category=formula discrepancy
ADANIENSOL | 2021 | calculated=0.0000 | source=9.0000 | difference=9.0000 | category=formula discrepancy
ADANIENSOL | 2022 | calculated=0.0000 | source=9.0000 | difference=9.0000 | category=formula discrepancy
ADANIENSOL | 2023 | calculated=0.0000 | source=9.0000 | difference=9.0000 | category=formula discrepancy
ADANIENSOL | 2024 | calculated=0.0000 | source=9.0000 | difference=9.0000 | category=formula discrepancy
ADANIENT | 2016 | calculated=23.9531 | source=11.6000 | difference=12.3531 | category=formula discrepancy
ADANIENT | 2017 | calculated=22.2857 | source=11.6000 | difference=10.6857 | category=formula discrepancy
ADANIENT | 2018 | calculated=23.8220 | source=11.6000 | difference=12.2220 | category=formula discrepancy
ADANIENT | 2019 | calculated=29.9858 | source=11.6000 | difference=18.3858 | category=formula discrepancy
ADANIENT | 2020 | calculated=26.5477 | source=11.6000 | difference=14.9477 | category=formula discrepancy
ADANIENT | 2021 | calculated=23.3511 | source=11.6000 | difference=11.7511 | category=formula discrepancy
ADANIGREEN | 2017 | calculated=8.7027 | source=96.5000 | difference=87.7973 | category=version difference
ADANIGREEN | 2018 | calculated=4.3106 | source=96.5000 | difference=92.1894 | category=version difference
ADANIGREEN | 2019 | calculated=3.6941 | source=96.5000 | difference=92.8059 | category=version difference
ADANIGREEN | 2020 | calculated=2.8044 | source=96.5000 | difference=93.6956 | category=version difference
ADANIGREEN | 2021 | calculated=1.8289 | source=96.5000 | difference=94.6711 | category=version difference
ADANIGREEN | 2022 | calculated=0.8711 | source=96.5000 | difference=95.6289 | category=version difference
ADANIGREEN | 2023 | calculated=0.7850 | source=96.5000 | difference=95.7150 | category=version difference
ADANIGREEN | 2024 | calculated=0.6467 | source=96.5000 | difference=95.8533 | category=version difference
ADANIPORTS | 2016 | calculated=7.6045 | source=12.9000 | difference=5.2955 | category=formula discrepancy
ADANIPORTS | 2016 | calculated=7.6045 | source=12.9000 | difference=5.2955 | category=formula discrepancy
ADANIPORTS | 2017 | calculated=6.8596 | source=12.9000 | difference=6.0404 | category=formula discrepancy
ADANIPORTS | 2017 | calculated=6.8596 | source=12.9000 | difference=6.0404 | category=formula discrepancy
ADANIPORTS | 2018 | calculated=6.2995 | source=12.9000 | difference=6.6005 | category=formula discrepancy
ADANIPORTS | 2018 | calculated=6.2995 | source=12.9000 | difference=6.6005 | category=formula discrepancy
ADANIPORTS | 2019 | calculated=5.2339 | source=12.9000 | difference=7.6661 | category=formula discrepancy
ADANIPORTS | 2019 | calculated=5.2339 | source=12.9000 | difference=7.6661 | category=formula discrepancy
ADANIPORTS | 2020 | calculated=4.8942 | source=12.9000 | difference=8.0058 | category=formula discrepancy
ADANIPORTS | 2020 | calculated=4.8942 | source=12.9000 | difference=8.0058 | category=formula discrepancy
ADANIPORTS | 2021 | calculated=4.1119 | source=12.9000 | difference=8.7881 | category=formula discrepancy
ADANIPORTS | 2021 | calculated=4.1119 | source=12.9000 | difference=8.7881 | category=formula discrepancy
ADANIPORTS | 2022 | calculated=3.0371 | source=12.9000 | difference=9.8629 | category=formula discrepancy
ADANIPORTS | 2022 | calculated=3.0371 | source=12.9000 | difference=9.8629 | category=formula discrepancy
ADANIPORTS | 2023 | calculated=2.7585 | source=12.9000 | difference=10.1415 | category=formula discrepancy
ADANIPORTS | 2023 | calculated=2.7585 | source=12.9000 | difference=10.1415 | category=formula discrepancy
ADANIPORTS | 2024 | calculated=2.6661 | source=12.9000 | difference=10.2339 | category=formula discrepancy
ADANIPORTS | 2024 | calculated=2.6661 | source=12.9000 | difference=10.2339 | category=formula discrepancy
ADANIPOWER | 2013 | calculated=2.5495 | source=32.2000 | difference=29.6505 | category=version difference
ADANIPOWER | 2014 | calculated=2.3179 | source=32.2000 | difference=29.8821 | category=version difference
ADANIPOWER | 2015 | calculated=2.3283 | source=32.2000 | difference=29.8717 | category=version difference
ADANIPOWER | 2016 | calculated=1.9519 | source=32.2000 | difference=30.2481 | category=version difference
ADANIPOWER | 2017 | calculated=2.1177 | source=32.2000 | difference=30.0823 | category=version difference
ADANIPOWER | 2018 | calculated=2.1871 | source=32.2000 | difference=30.0129 | category=version difference
ADANIPOWER | 2019 | calculated=2.1484 | source=32.2000 | difference=30.0516 | category=version difference
ADANIPOWER | 2020 | calculated=1.9050 | source=32.2000 | difference=30.2950 | category=version difference
ADANIPOWER | 2021 | calculated=1.7903 | source=32.2000 | difference=30.4097 | category=version difference
ADANIPOWER | 2022 | calculated=1.7381 | source=32.2000 | difference=30.4619 | category=version difference
ADANIPOWER | 2023 | calculated=1.6268 | source=32.2000 | difference=30.5732 | category=version difference
ADANIPOWER | 2024 | calculated=1.5110 | source=32.2000 | difference=30.6890 | category=version difference
AMBUJACEM | 2012 | calculated=28.7005 | source=12.8000 | difference=15.9005 | category=formula discrepancy
AMBUJACEM | 2013 | calculated=26.7298 | source=12.8000 | difference=13.9298 | category=formula discrepancy
AMBUJACEM | 2014 | calculated=25.1584 | source=12.8000 | difference=12.3584 | category=formula discrepancy
AMBUJACEM | 2015 | calculated=24.6652 | source=12.8000 | difference=11.8652 | category=formula discrepancy
AMBUJACEM | 2024 | calculated=6.0301 | source=12.8000 | difference=6.7699 | category=formula discrepancy
APOLLOHOSP | 2016 | calculated=10.4606 | source=17.2000 | difference=6.7394 | category=formula discrepancy
APOLLOHOSP | 2017 | calculated=10.0171 | source=17.2000 | difference=7.1829 | category=formula discrepancy
APOLLOHOSP | 2018 | calculated=9.6571 | source=17.2000 | difference=7.5429 | category=formula discrepancy
APOLLOHOSP | 2019 | calculated=9.2051 | source=17.2000 | difference=7.9949 | category=formula discrepancy
APOLLOHOSP | 2020 | calculated=9.2993 | source=17.2000 | difference=7.9007 | category=formula discrepancy
APOLLOHOSP | 2021 | calculated=7.3605 | source=17.2000 | difference=9.8395 | category=formula discrepancy
APOLLOHOSP | 2022 | calculated=6.6557 | source=17.2000 | difference=10.5443 | category=formula discrepancy
APOLLOHOSP | 2023 | calculated=6.1254 | source=17.2000 | difference=11.0746 | category=formula discrepancy
APOLLOHOSP | 2024 | calculated=5.2572 | source=17.2000 | difference=11.9428 | category=formula discrepancy
ASIANPAINT | 2013 | calculated=50.9216 | source=41.7500 | difference=9.1716 | category=formula discrepancy
ASIANPAINT | 2013 | calculated=50.9216 | source=41.7500 | difference=9.1716 | category=formula discrepancy
ASIANPAINT | 2015 | calculated=35.8721 | source=41.7500 | difference=5.8779 | category=formula discrepancy
ASIANPAINT | 2015 | calculated=35.8721 | source=41.7500 | difference=5.8779 | category=formula discrepancy
ASIANPAINT | 2016 | calculated=27.0298 | source=41.7500 | difference=14.7202 | category=formula discrepancy
ASIANPAINT | 2016 | calculated=27.0298 | source=41.7500 | difference=14.7202 | category=formula discrepancy
ASIANPAINT | 2017 | calculated=22.6727 | source=41.7500 | difference=19.0773 | category=formula discrepancy
ASIANPAINT | 2017 | calculated=22.6727 | source=41.7500 | difference=19.0773 | category=formula discrepancy
ASIANPAINT | 2018 | calculated=20.6978 | source=41.7500 | difference=21.0522 | category=formula discrepancy
ASIANPAINT | 2018 | calculated=20.6978 | source=41.7500 | difference=21.0522 | category=formula discrepancy
ASIANPAINT | 2019 | calculated=17.1532 | source=41.7500 | difference=24.5968 | category=formula discrepancy
ASIANPAINT | 2019 | calculated=17.1532 | source=41.7500 | difference=24.5968 | category=formula discrepancy
ASIANPAINT | 2020 | calculated=16.4563 | source=41.7500 | difference=25.2937 | category=version difference
ASIANPAINT | 2020 | calculated=16.4563 | source=41.7500 | difference=25.2937 | category=version difference
ASIANPAINT | 2021 | calculated=13.3175 | source=41.7500 | difference=28.4325 | category=version difference
ASIANPAINT | 2021 | calculated=13.3175 | source=41.7500 | difference=28.4325 | category=version difference
ASIANPAINT | 2022 | calculated=12.0203 | source=41.7500 | difference=29.7297 | category=version difference
ASIANPAINT | 2022 | calculated=12.0203 | source=41.7500 | difference=29.7297 | category=version difference
ASIANPAINT | 2023 | calculated=10.3264 | source=41.7500 | difference=31.4236 | category=version difference
ASIANPAINT | 2023 | calculated=10.3264 | source=41.7500 | difference=31.4236 | category=version difference
ASIANPAINT | 2024 | calculated=8.7303 | source=41.7500 | difference=33.0197 | category=version difference
ASIANPAINT | 2024 | calculated=8.7303 | source=41.7500 | difference=33.0197 | category=version difference
AXISBANK | 2015 | calculated=1.8419 | source=7.0600 | difference=5.2181 | category=formula discrepancy
AXISBANK | 2016 | calculated=1.5822 | source=7.0600 | difference=5.4778 | category=formula discrepancy
AXISBANK | 2017 | calculated=1.4248 | source=7.0600 | difference=5.6352 | category=formula discrepancy
AXISBANK | 2018 | calculated=1.2311 | source=7.0600 | difference=5.8289 | category=formula discrepancy
AXISBANK | 2019 | calculated=1.0667 | source=7.0600 | difference=5.9933 | category=formula discrepancy
AXISBANK | 2020 | calculated=0.9413 | source=7.0600 | difference=6.1187 | category=formula discrepancy
AXISBANK | 2021 | calculated=0.8718 | source=7.0600 | difference=6.1882 | category=formula discrepancy
AXISBANK | 2022 | calculated=0.7302 | source=7.0600 | difference=6.3298 | category=formula discrepancy
AXISBANK | 2023 | calculated=0.6489 | source=7.0600 | difference=6.4111 | category=formula discrepancy
AXISBANK | 2024 | calculated=0.5727 | source=7.0600 | difference=6.4873 | category=formula discrepancy
BAJAJ-AUTO | 2013 | calculated=54.3454 | source=33.5000 | difference=20.8454 | category=formula discrepancy
BAJAJ-AUTO | 2013 | calculated=54.3454 | source=33.5000 | difference=20.8454 | category=formula discrepancy
BAJAJ-AUTO | 2014 | calculated=43.4774 | source=33.5000 | difference=9.9774 | category=formula discrepancy
BAJAJ-AUTO | 2014 | calculated=43.4774 | source=33.5000 | difference=9.9774 | category=formula discrepancy
BAJAJ-AUTO | 2015 | calculated=39.6716 | source=33.5000 | difference=6.1716 | category=formula discrepancy
BAJAJ-AUTO | 2015 | calculated=39.6716 | source=33.5000 | difference=6.1716 | category=formula discrepancy
BAJAJ-AUTO | 2017 | calculated=24.7330 | source=33.5000 | difference=8.7670 | category=formula discrepancy
BAJAJ-AUTO | 2017 | calculated=24.7330 | source=33.5000 | difference=8.7670 | category=formula discrepancy
BAJAJ-AUTO | 2018 | calculated=21.6392 | source=33.5000 | difference=11.8608 | category=formula discrepancy
BAJAJ-AUTO | 2018 | calculated=21.6392 | source=33.5000 | difference=11.8608 | category=formula discrepancy
BAJAJ-AUTO | 2019 | calculated=19.0342 | source=33.5000 | difference=14.4658 | category=formula discrepancy
BAJAJ-AUTO | 2019 | calculated=19.0342 | source=33.5000 | difference=14.4658 | category=formula discrepancy
BAJAJ-AUTO | 2020 | calculated=20.4057 | source=33.5000 | difference=13.0943 | category=formula discrepancy
BAJAJ-AUTO | 2020 | calculated=20.4057 | source=33.5000 | difference=13.0943 | category=formula discrepancy
BAJAJ-AUTO | 2021 | calculated=16.2298 | source=33.5000 | difference=17.2702 | category=formula discrepancy
BAJAJ-AUTO | 2021 | calculated=16.2298 | source=33.5000 | difference=17.2702 | category=formula discrepancy
BAJAJ-AUTO | 2022 | calculated=14.8289 | source=33.5000 | difference=18.6711 | category=formula discrepancy
BAJAJ-AUTO | 2022 | calculated=14.8289 | source=33.5000 | difference=18.6711 | category=formula discrepancy
BAJAJ-AUTO | 2023 | calculated=15.0783 | source=33.5000 | difference=18.4217 | category=formula discrepancy
BAJAJ-AUTO | 2023 | calculated=15.0783 | source=33.5000 | difference=18.4217 | category=formula discrepancy
BAJAJ-AUTO | 2024 | calculated=14.4005 | source=33.5000 | difference=19.0995 | category=formula discrepancy
BAJAJ-AUTO | 2024 | calculated=14.4005 | source=33.5000 | difference=19.0995 | category=formula discrepancy
BAJAJFINSV | 2014 | calculated=13.6472 | source=21.1400 | difference=7.4928 | category=formula discrepancy
BAJAJFINSV | 2015 | calculated=10.5158 | source=21.1400 | difference=10.6242 | category=formula discrepancy
BAJAJFINSV | 2016 | calculated=7.9197 | source=21.1400 | difference=13.2203 | category=formula discrepancy
BAJAJFINSV | 2017 | calculated=6.1040 | source=21.1400 | difference=15.0360 | category=formula discrepancy
BAJAJFINSV | 2018 | calculated=4.5638 | source=21.1400 | difference=16.5762 | category=formula discrepancy
BAJAJFINSV | 2019 | calculated=3.1848 | source=21.1400 | difference=17.9552 | category=formula discrepancy
BAJAJFINSV | 2020 | calculated=2.4812 | source=21.1400 | difference=18.6588 | category=formula discrepancy
BAJAJFINSV | 2021 | calculated=2.3939 | source=21.1400 | difference=18.7461 | category=formula discrepancy
BAJAJFINSV | 2022 | calculated=1.9526 | source=21.1400 | difference=19.1874 | category=formula discrepancy
BAJAJFINSV | 2023 | calculated=1.5205 | source=21.1400 | difference=19.6195 | category=formula discrepancy
BAJAJFINSV | 2024 | calculated=1.1261 | source=21.1400 | difference=20.0139 | category=formula discrepancy
BAJAJHLDNG | 2013 | calculated=3.1416 | source=13.1000 | difference=9.9584 | category=formula discrepancy
BAJAJHLDNG | 2014 | calculated=2.7086 | source=13.1000 | difference=10.3914 | category=formula discrepancy
BAJAJHLDNG | 2015 | calculated=2.4266 | source=13.1000 | difference=10.6734 | category=formula discrepancy
BAJAJHLDNG | 2016 | calculated=2.1252 | source=13.1000 | difference=10.9748 | category=formula discrepancy
BAJAJHLDNG | 2017 | calculated=1.8240 | source=13.1000 | difference=11.2760 | category=formula discrepancy
BAJAJHLDNG | 2018 | calculated=1.2896 | source=13.1000 | difference=11.8104 | category=formula discrepancy
BAJAJHLDNG | 2019 | calculated=1.2058 | source=13.1000 | difference=11.8942 | category=formula discrepancy
BAJAJHLDNG | 2020 | calculated=1.1636 | source=13.1000 | difference=11.9364 | category=formula discrepancy
BAJAJHLDNG | 2021 | calculated=0.8712 | source=13.1000 | difference=12.2288 | category=formula discrepancy
BAJAJHLDNG | 2022 | calculated=0.7566 | source=13.1000 | difference=12.3434 | category=formula discrepancy
BAJAJHLDNG | 2023 | calculated=0.7340 | source=13.1000 | difference=12.3660 | category=formula discrepancy
BAJAJHLDNG | 2024 | calculated=0.5984 | source=13.1000 | difference=12.5016 | category=formula discrepancy
BAJFINANCE | 2015 | calculated=5.6493 | source=11.9000 | difference=6.2507 | category=formula discrepancy
BAJFINANCE | 2016 | calculated=3.9976 | source=11.9000 | difference=7.9024 | category=formula discrepancy
BAJFINANCE | 2017 | calculated=3.0195 | source=11.9000 | difference=8.8805 | category=formula discrepancy
BAJFINANCE | 2018 | calculated=2.1564 | source=11.9000 | difference=9.7436 | category=formula discrepancy
BAJFINANCE | 2019 | calculated=1.4651 | source=11.9000 | difference=10.4349 | category=formula discrepancy
BAJFINANCE | 2020 | calculated=1.0960 | source=11.9000 | difference=10.8040 | category=formula discrepancy
BAJFINANCE | 2021 | calculated=1.0543 | source=11.9000 | difference=10.8457 | category=formula discrepancy
BAJFINANCE | 2022 | calculated=0.8505 | source=11.9000 | difference=11.0495 | category=formula discrepancy
BAJFINANCE | 2023 | calculated=0.6556 | source=11.9000 | difference=11.2444 | category=formula discrepancy
BAJFINANCE | 2024 | calculated=0.4802 | source=11.9000 | difference=11.4198 | category=formula discrepancy
BANKBARODA | 2020 | calculated=0.9565 | source=6.3300 | difference=5.3735 | category=formula discrepancy
BANKBARODA | 2021 | calculated=0.9528 | source=6.3300 | difference=5.3772 | category=formula discrepancy
BANKBARODA | 2022 | calculated=0.8576 | source=6.3300 | difference=5.4724 | category=formula discrepancy
BANKBARODA | 2023 | calculated=0.7566 | source=6.3300 | difference=5.5734 | category=formula discrepancy
BANKBARODA | 2024 | calculated=0.6961 | source=6.3300 | difference=5.6339 | category=formula discrepancy
BEL | 2013 | calculated=4303.3333 | source=34.6000 | difference=4268.7333 | category=version difference
BEL | 2014 | calculated=4610.7143 | source=34.6000 | difference=4576.1143 | category=version difference
BEL | 2015 | calculated=3912.1212 | source=34.6000 | difference=3877.5212 | category=version difference
BEL | 2016 | calculated=3489.1892 | source=34.6000 | difference=3454.5892 | category=version difference
BEL | 2017 | calculated=2934.0909 | source=34.6000 | difference=2899.4909 | category=version difference
BEL | 2018 | calculated=1634.1772 | source=34.6000 | difference=1599.5772 | category=version difference
BEL | 2019 | calculated=1344.7917 | source=34.6000 | difference=1310.1917 | category=version difference
BEL | 2020 | calculated=1304.0404 | source=34.6000 | difference=1269.4404 | category=version difference
BEL | 2021 | calculated=1195.3704 | source=34.6000 | difference=1160.7704 | category=version difference
BEL | 2022 | calculated=1016.5354 | source=34.6000 | difference=981.9354 | category=version difference
BEL | 2023 | calculated=1132.4561 | source=34.6000 | difference=1097.8561 | category=version difference
BEL | 2024 | calculated=1016.5354 | source=34.6000 | difference=981.9354 | category=version difference
BHARTIARTL | 2013 | calculated=20.6043 | source=13.1000 | difference=7.5043 | category=formula discrepancy
BHARTIARTL | 2015 | calculated=19.5784 | source=13.1000 | difference=6.4784 | category=formula discrepancy
BHARTIARTL | 2023 | calculated=7.9448 | source=13.1000 | difference=5.1552 | category=formula discrepancy
BHARTIARTL | 2024 | calculated=8.0879 | source=13.1000 | difference=5.0121 | category=formula discrepancy
BHEL | 2013 | calculated=31.9277 | source=3.2800 | difference=28.6477 | category=version difference
BHEL | 2014 | calculated=28.0345 | source=3.2800 | difference=24.7545 | category=formula discrepancy
BHEL | 2015 | calculated=29.4077 | source=3.2800 | difference=26.1277 | category=version difference
BHEL | 2016 | calculated=32.6354 | source=3.2800 | difference=29.3554 | category=version difference
BHEL | 2017 | calculated=32.6164 | source=3.2800 | difference=29.3364 | category=version difference
BHEL | 2018 | calculated=32.7169 | source=3.2800 | difference=29.4369 | category=version difference
BHEL | 2019 | calculated=31.6847 | source=3.2800 | difference=28.4047 | category=version difference
BHEL | 2020 | calculated=31.4612 | source=3.2800 | difference=28.1812 | category=version difference
BHEL | 2021 | calculated=34.3150 | source=3.2800 | difference=31.0350 | category=version difference
BHEL | 2022 | calculated=33.8748 | source=3.2800 | difference=30.5948 | category=version difference
BHEL | 2023 | calculated=35.5826 | source=3.2800 | difference=32.3026 | category=version difference
BHEL | 2024 | calculated=31.8826 | source=3.2800 | difference=28.6026 | category=version difference
BOSCHLTD | 2012 | calculated=29.6226 | source=20.6000 | difference=9.0226 | category=formula discrepancy
BOSCHLTD | 2013 | calculated=26.5401 | source=20.6000 | difference=5.9401 | category=formula discrepancy
BOSCHLTD | 2023 | calculated=15.5341 | source=20.6000 | difference=5.0659 | category=formula discrepancy
BOSCHLTD | 2024 | calculated=14.2031 | source=20.6000 | difference=6.3969 | category=formula discrepancy
BPCL | 2013 | calculated=16.4243 | source=32.1000 | difference=15.6757 | category=formula discrepancy
BPCL | 2014 | calculated=15.5936 | source=32.1000 | difference=16.5064 | category=formula discrepancy
BPCL | 2015 | calculated=17.0662 | source=32.1000 | difference=15.0338 | category=formula discrepancy
BPCL | 2016 | calculated=16.0232 | source=32.1000 | difference=16.0768 | category=formula discrepancy
BPCL | 2017 | calculated=12.3242 | source=32.1000 | difference=19.7758 | category=formula discrepancy
BPCL | 2018 | calculated=11.0410 | source=32.1000 | difference=21.0590 | category=formula discrepancy
BPCL | 2019 | calculated=9.8093 | source=32.1000 | difference=22.2907 | category=formula discrepancy
BPCL | 2020 | calculated=8.0396 | source=32.1000 | difference=24.0604 | category=formula discrepancy
BPCL | 2021 | calculated=7.5874 | source=32.1000 | difference=24.5126 | category=formula discrepancy
BPCL | 2022 | calculated=7.0432 | source=32.1000 | difference=25.0568 | category=version difference
BPCL | 2023 | calculated=6.6730 | source=32.1000 | difference=25.4270 | category=version difference
BPCL | 2024 | calculated=6.2971 | source=32.1000 | difference=25.8029 | category=version difference
BRITANNIA | 2015 | calculated=34.0288 | source=48.9000 | difference=14.8712 | category=formula discrepancy
BRITANNIA | 2016 | calculated=21.2776 | source=48.9000 | difference=27.6224 | category=version difference
BRITANNIA | 2017 | calculated=16.7671 | source=48.9000 | difference=32.1329 | category=version difference
BRITANNIA | 2018 | calculated=13.1134 | source=48.9000 | difference=35.7866 | category=version difference
BRITANNIA | 2019 | calculated=10.7281 | source=48.9000 | difference=38.1719 | category=version difference
BRITANNIA | 2020 | calculated=7.9616 | source=48.9000 | difference=40.9384 | category=version difference
BRITANNIA | 2021 | calculated=8.3422 | source=48.9000 | difference=40.5578 | category=version difference
BRITANNIA | 2022 | calculated=9.3868 | source=48.9000 | difference=39.5132 | category=version difference
BRITANNIA | 2023 | calculated=7.2424 | source=48.9000 | difference=41.6576 | category=version difference
BRITANNIA | 2024 | calculated=7.8755 | source=48.9000 | difference=41.0245 | category=version difference
CANBK | 2014 | calculated=1.5100 | source=6.6300 | difference=5.1200 | category=formula discrepancy
CANBK | 2015 | calculated=1.3570 | source=6.6300 | difference=5.2730 | category=formula discrepancy
CANBK | 2016 | calculated=1.3390 | source=6.6300 | difference=5.2910 | category=formula discrepancy
CANBK | 2017 | calculated=1.2675 | source=6.6300 | difference=5.3625 | category=formula discrepancy
CANBK | 2018 | calculated=1.2019 | source=6.6300 | difference=5.4281 | category=formula discrepancy
CANBK | 2019 | calculated=1.0650 | source=6.6300 | difference=5.5650 | category=formula discrepancy
CANBK | 2020 | calculated=1.0177 | source=6.6300 | difference=5.6123 | category=formula discrepancy
CANBK | 2021 | calculated=0.6426 | source=6.6300 | difference=5.9874 | category=formula discrepancy
CANBK | 2022 | calculated=0.6003 | source=6.6300 | difference=6.0297 | category=formula discrepancy
CANBK | 2023 | calculated=0.5489 | source=6.6300 | difference=6.0811 | category=formula discrepancy
CANBK | 2024 | calculated=0.4938 | source=6.6300 | difference=6.1362 | category=formula discrepancy
CHOLAFIN | 2013 | calculated=4.0996 | source=10.4000 | difference=6.3004 | category=formula discrepancy
CHOLAFIN | 2014 | calculated=3.4672 | source=10.4000 | difference=6.9328 | category=formula discrepancy
CHOLAFIN | 2015 | calculated=3.1204 | source=10.4000 | difference=7.2796 | category=formula discrepancy
CHOLAFIN | 2016 | calculated=2.6930 | source=10.4000 | difference=7.7070 | category=formula discrepancy
CHOLAFIN | 2017 | calculated=2.4886 | source=10.4000 | difference=7.9114 | category=formula discrepancy
CHOLAFIN | 2018 | calculated=1.6247 | source=10.4000 | difference=8.7753 | category=formula discrepancy
CHOLAFIN | 2019 | calculated=1.2435 | source=10.4000 | difference=9.1565 | category=formula discrepancy
CHOLAFIN | 2020 | calculated=1.1170 | source=10.4000 | difference=9.2830 | category=formula discrepancy
CHOLAFIN | 2021 | calculated=0.9628 | source=10.4000 | difference=9.4372 | category=formula discrepancy
CHOLAFIN | 2022 | calculated=0.8722 | source=10.4000 | difference=9.5278 | category=formula discrepancy
CHOLAFIN | 2023 | calculated=0.6320 | source=10.4000 | difference=9.7680 | category=formula discrepancy
CHOLAFIN | 2024 | calculated=0.4582 | source=10.4000 | difference=9.9418 | category=formula discrepancy
CIPLA | 2013 | calculated=61.0054 | source=22.8000 | difference=38.2054 | category=version difference
CIPLA | 2014 | calculated=53.9163 | source=22.8000 | difference=31.1163 | category=version difference
CIPLA | 2015 | calculated=48.7165 | source=22.8000 | difference=25.9165 | category=version difference
CIPLA | 2016 | calculated=36.4376 | source=22.8000 | difference=13.6376 | category=formula discrepancy
CIPLA | 2017 | calculated=36.5732 | source=22.8000 | difference=13.7732 | category=formula discrepancy
CIPLA | 2018 | calculated=33.2406 | source=22.8000 | difference=10.4406 | category=formula discrepancy
CIPLA | 2019 | calculated=31.5190 | source=22.8000 | difference=8.7190 | category=formula discrepancy
CIPLA | 2020 | calculated=32.7897 | source=22.8000 | difference=9.9897 | category=formula discrepancy
CIPLA | 2021 | calculated=29.9508 | source=22.8000 | difference=7.1508 | category=formula discrepancy
CIPLA | 2022 | calculated=27.8212 | source=22.8000 | difference=5.0212 | category=formula discrepancy
COALINDIA | 2013 | calculated=100.9342 | source=63.6000 | difference=37.3342 | category=version difference
COALINDIA | 2014 | calculated=117.9888 | source=63.6000 | difference=54.3888 | category=version difference
COALINDIA | 2015 | calculated=123.2600 | source=63.6000 | difference=59.6600 | category=version difference
COALINDIA | 2016 | calculated=139.4372 | source=63.6000 | difference=75.8372 | category=version difference
COALINDIA | 2017 | calculated=182.4858 | source=63.6000 | difference=118.8858 | category=version difference
COALINDIA | 2018 | calculated=231.3594 | source=63.6000 | difference=167.7594 | category=version difference
COALINDIA | 2019 | calculated=175.2730 | source=63.6000 | difference=111.6730 | category=version difference
COALINDIA | 2020 | calculated=130.1910 | source=63.6000 | difference=66.5910 | category=version difference
COALINDIA | 2021 | calculated=118.4897 | source=63.6000 | difference=54.8897 | category=version difference
COALINDIA | 2022 | calculated=107.6837 | source=63.6000 | difference=44.0837 | category=version difference
COALINDIA | 2023 | calculated=77.0890 | source=63.6000 | difference=13.4890 | category=formula discrepancy
COALINDIA | 2024 | calculated=56.2917 | source=63.6000 | difference=7.3083 | category=formula discrepancy
DABUR | 2013 | calculated=33.6414 | source=22.3000 | difference=11.3414 | category=formula discrepancy
DABUR | 2014 | calculated=32.4614 | source=22.3000 | difference=10.1614 | category=formula discrepancy
DABUR | 2018 | calculated=16.4359 | source=22.3000 | difference=5.8641 | category=formula discrepancy
DABUR | 2019 | calculated=17.2485 | source=22.3000 | difference=5.0515 | category=formula discrepancy
DABUR | 2020 | calculated=15.3199 | source=22.3000 | difference=6.9801 | category=formula discrepancy
DABUR | 2021 | calculated=13.3611 | source=22.3000 | difference=8.9389 | category=formula discrepancy
DABUR | 2022 | calculated=11.6022 | source=22.3000 | difference=10.6978 | category=formula discrepancy
DABUR | 2023 | calculated=10.7618 | source=22.3000 | difference=11.5382 | category=formula discrepancy
DABUR | 2024 | calculated=9.7231 | source=22.3000 | difference=12.5769 | category=formula discrepancy
DIVISLAB | 2013 | calculated=33.9779 | source=16.5000 | difference=17.4779 | category=formula discrepancy
DIVISLAB | 2014 | calculated=28.8732 | source=16.5000 | difference=12.3732 | category=formula discrepancy
DIVISLAB | 2015 | calculated=24.4394 | source=16.5000 | difference=7.9394 | category=formula discrepancy
DIVISLAB | 2021 | calculated=9.2581 | source=16.5000 | difference=7.2419 | category=formula discrepancy
DIVISLAB | 2022 | calculated=7.3389 | source=16.5000 | difference=9.1611 | category=formula discrepancy
DIVISLAB | 2023 | calculated=6.7418 | source=16.5000 | difference=9.7582 | category=formula discrepancy
DIVISLAB | 2024 | calculated=6.3430 | source=16.5000 | difference=10.1570 | category=formula discrepancy
DMART | 2015 | calculated=10.9316 | source=19.4000 | difference=8.4684 | category=formula discrepancy
DMART | 2016 | calculated=8.4777 | source=19.4000 | difference=10.9223 | category=formula discrepancy
DMART | 2017 | calculated=4.3079 | source=19.4000 | difference=15.0921 | category=formula discrepancy
DMART | 2018 | calculated=4.5027 | source=19.4000 | difference=14.8973 | category=formula discrepancy
DMART | 2019 | calculated=3.6583 | source=19.4000 | difference=15.7417 | category=formula discrepancy
DMART | 2020 | calculated=2.0152 | source=19.4000 | difference=17.3848 | category=formula discrepancy
DMART | 2021 | calculated=1.8287 | source=19.4000 | difference=17.5713 | category=formula discrepancy
DMART | 2022 | calculated=1.6056 | source=19.4000 | difference=17.7944 | category=formula discrepancy
DMART | 2023 | calculated=1.3755 | source=19.4000 | difference=18.0245 | category=formula discrepancy
DMART | 2024 | calculated=1.1923 | source=19.4000 | difference=18.2077 | category=formula discrepancy
DRREDDY | 2015 | calculated=19.8701 | source=26.5000 | difference=6.6299 | category=formula discrepancy
DRREDDY | 2016 | calculated=17.6811 | source=26.5000 | difference=8.8189 | category=formula discrepancy
DRREDDY | 2017 | calculated=16.3853 | source=26.5000 | difference=10.1147 | category=formula discrepancy
DRREDDY | 2018 | calculated=15.9553 | source=26.5000 | difference=10.5447 | category=formula discrepancy
DRREDDY | 2019 | calculated=15.7597 | source=26.5000 | difference=10.7403 | category=formula discrepancy
DRREDDY | 2020 | calculated=15.8066 | source=26.5000 | difference=10.6934 | category=formula discrepancy
DRREDDY | 2021 | calculated=13.6175 | source=26.5000 | difference=12.8825 | category=formula discrepancy
DRREDDY | 2022 | calculated=12.4580 | source=26.5000 | difference=14.0420 | category=formula discrepancy
DRREDDY | 2023 | calculated=11.4278 | source=26.5000 | difference=15.0722 | category=formula discrepancy
DRREDDY | 2024 | calculated=9.3039 | source=26.5000 | difference=17.1961 | category=formula discrepancy
EICHERMOT | 2012 | calculated=38.5827 | source=31.1000 | difference=7.4827 | category=formula discrepancy
EICHERMOT | 2016 | calculated=18.6616 | source=31.1000 | difference=12.4384 | category=formula discrepancy
EICHERMOT | 2017 | calculated=12.5710 | source=31.1000 | difference=18.5290 | category=formula discrepancy
EICHERMOT | 2018 | calculated=9.5530 | source=31.1000 | difference=21.5470 | category=formula discrepancy
EICHERMOT | 2019 | calculated=7.5343 | source=31.1000 | difference=23.5657 | category=formula discrepancy
EICHERMOT | 2020 | calculated=6.7058 | source=31.1000 | difference=24.3942 | category=formula discrepancy
EICHERMOT | 2021 | calculated=5.8849 | source=31.1000 | difference=25.2151 | category=version difference
EICHERMOT | 2022 | calculated=5.3948 | source=31.1000 | difference=25.7052 | category=version difference
EICHERMOT | 2023 | calculated=4.4901 | source=31.1000 | difference=26.6099 | category=version difference
EICHERMOT | 2024 | calculated=3.7153 | source=31.1000 | difference=27.3847 | category=version difference
GAIL | 2024 | calculated=8.4157 | source=14.7000 | difference=6.2843 | category=formula discrepancy
GODREJCP | 2013 | calculated=20.6102 | source=26.4900 | difference=5.8798 | category=formula discrepancy
GODREJCP | 2014 | calculated=19.3396 | source=26.4900 | difference=7.1504 | category=formula discrepancy
GODREJCP | 2015 | calculated=16.9180 | source=26.4900 | difference=9.5720 | category=formula discrepancy
GODREJCP | 2016 | calculated=16.6108 | source=26.4900 | difference=9.8792 | category=formula discrepancy
GODREJCP | 2017 | calculated=12.7808 | source=26.4900 | difference=13.7092 | category=formula discrepancy
GODREJCP | 2018 | calculated=12.1749 | source=26.4900 | difference=14.3151 | category=formula discrepancy
GODREJCP | 2019 | calculated=11.1654 | source=26.4900 | difference=15.3246 | category=formula discrepancy
GODREJCP | 2020 | calculated=10.3635 | source=26.4900 | difference=16.1265 | category=formula discrepancy
GODREJCP | 2021 | calculated=10.5193 | source=26.4900 | difference=15.9707 | category=formula discrepancy
GODREJCP | 2022 | calculated=8.9668 | source=26.4900 | difference=17.5232 | category=formula discrepancy
GODREJCP | 2023 | calculated=7.9670 | source=26.4900 | difference=18.5230 | category=formula discrepancy
GODREJCP | 2024 | calculated=7.5158 | source=26.4900 | difference=18.9742 | category=formula discrepancy
GRASIM | 2013 | calculated=23.1041 | source=9.3000 | difference=13.8041 | category=formula discrepancy
GRASIM | 2014 | calculated=21.5619 | source=9.3000 | difference=12.2619 | category=formula discrepancy
GRASIM | 2015 | calculated=19.2415 | source=9.3000 | difference=9.9415 | category=formula discrepancy
GRASIM | 2016 | calculated=16.8979 | source=9.3000 | difference=7.5979 | category=formula discrepancy
GRASIM | 2017 | calculated=16.6207 | source=9.3000 | difference=7.3207 | category=formula discrepancy
GRASIM | 2023 | calculated=3.7122 | source=9.3000 | difference=5.5878 | category=formula discrepancy
GRASIM | 2024 | calculated=2.9884 | source=9.3000 | difference=6.3116 | category=formula discrepancy
HAL | 2017 | calculated=3039.2593 | source=38.9000 | difference=3000.3593 | category=version difference
HAL | 2018 | calculated=3084.9624 | source=38.9000 | difference=3046.0624 | category=version difference
HAL | 2019 | calculated=2909.9291 | source=38.9000 | difference=2871.0291 | category=version difference
HAL | 2020 | calculated=2930.7143 | source=38.9000 | difference=2891.8143 | category=version difference
HAL | 2021 | calculated=2735.3333 | source=38.9000 | difference=2696.4333 | category=version difference
HAL | 2022 | calculated=2486.6667 | source=38.9000 | difference=2447.7667 | category=version difference
HAL | 2023 | calculated=1831.6964 | source=38.9000 | difference=1792.7964 | category=version difference
HAL | 2024 | calculated=1274.2236 | source=38.9000 | difference=1235.3236 | category=version difference
HAVELLS | 2013 | calculated=36.9637 | source=24.4000 | difference=12.5637 | category=formula discrepancy
HAVELLS | 2014 | calculated=32.9412 | source=24.4000 | difference=8.5412 | category=formula discrepancy
HAVELLS | 2015 | calculated=39.9643 | source=24.4000 | difference=15.5643 | category=formula discrepancy
HAVELLS | 2021 | calculated=15.7248 | source=24.4000 | difference=8.6752 | category=formula discrepancy
HAVELLS | 2022 | calculated=13.5368 | source=24.4000 | difference=10.8632 | category=formula discrepancy
HAVELLS | 2023 | calculated=13.0822 | source=24.4000 | difference=11.3178 | category=formula discrepancy
HAVELLS | 2024 | calculated=11.5613 | source=24.4000 | difference=12.8387 | category=formula discrepancy
HCLTECH | 2013 | calculated=42.3142 | source=29.6000 | difference=12.7142 | category=formula discrepancy
HCLTECH | 2015 | calculated=24.1718 | source=29.6000 | difference=5.4282 | category=formula discrepancy
HCLTECH | 2017 | calculated=17.9297 | source=29.6000 | difference=11.6703 | category=formula discrepancy
HCLTECH | 2018 | calculated=16.2737 | source=29.6000 | difference=13.3263 | category=formula discrepancy
HCLTECH | 2019 | calculated=13.1955 | source=29.6000 | difference=16.4045 | category=formula discrepancy
HCLTECH | 2020 | calculated=10.1463 | source=29.6000 | difference=19.4537 | category=formula discrepancy
HCLTECH | 2021 | calculated=9.0031 | source=29.6000 | difference=20.5969 | category=formula discrepancy
HCLTECH | 2022 | calculated=8.8079 | source=29.6000 | difference=20.7921 | category=formula discrepancy
HCLTECH | 2023 | calculated=8.5642 | source=29.6000 | difference=21.0358 | category=formula discrepancy
HCLTECH | 2024 | calculated=8.1220 | source=29.6000 | difference=21.4780 | category=formula discrepancy
HDFCBANK | 2015 | calculated=2.2064 | source=7.6700 | difference=5.4636 | category=formula discrepancy
HDFCBANK | 2016 | calculated=1.7463 | source=7.6700 | difference=5.9237 | category=formula discrepancy
HDFCBANK | 2017 | calculated=1.5169 | source=7.6700 | difference=6.1531 | category=formula discrepancy
HDFCBANK | 2018 | calculated=1.1989 | source=7.6700 | difference=6.4711 | category=formula discrepancy
HDFCBANK | 2019 | calculated=1.0245 | source=7.6700 | difference=6.6455 | category=formula discrepancy
HDFCBANK | 2020 | calculated=0.8375 | source=7.6700 | difference=6.8325 | category=formula discrepancy
HDFCBANK | 2021 | calculated=0.7344 | source=7.6700 | difference=6.9356 | category=formula discrepancy
HDFCBANK | 2022 | calculated=0.6220 | source=7.6700 | difference=7.0480 | category=formula discrepancy
HDFCBANK | 2023 | calculated=0.5205 | source=7.6700 | difference=7.1495 | category=formula discrepancy
HDFCBANK | 2024 | calculated=0.3547 | source=7.6700 | difference=7.3153 | category=formula discrepancy
HDFCLIFE | 2013 | calculated=1012.6402 | source=6.6100 | difference=1006.0302 | category=version difference
HDFCLIFE | 2014 | calculated=702.2303 | source=6.6100 | difference=695.6203 | category=version difference
HDFCLIFE | 2015 | calculated=532.8217 | source=6.6100 | difference=526.2117 | category=version difference
HDFCLIFE | 2016 | calculated=436.3197 | source=6.6100 | difference=429.7097 | category=version difference
HDFCLIFE | 2017 | calculated=353.8683 | source=6.6100 | difference=347.2583 | category=version difference
HDFCLIFE | 2018 | calculated=287.7577 | source=6.6100 | difference=281.1477 | category=version difference
HDFCLIFE | 2019 | calculated=239.9681 | source=6.6100 | difference=233.3581 | category=version difference
HDFCLIFE | 2020 | calculated=198.8982 | source=6.6100 | difference=192.2882 | category=version difference
HDFCLIFE | 2021 | calculated=146.5260 | source=6.6100 | difference=139.9160 | category=version difference
HDFCLIFE | 2022 | calculated=83.5019 | source=6.6100 | difference=76.8919 | category=version difference
HDFCLIFE | 2023 | calculated=97.1025 | source=6.6100 | difference=90.4925 | category=version difference
HDFCLIFE | 2024 | calculated=86.6995 | source=6.6100 | difference=80.0895 | category=version difference
HEROMOTOCO | 2014 | calculated=367.9702 | source=29.1000 | difference=338.8702 | category=version difference
HEROMOTOCO | 2015 | calculated=327.3494 | source=29.1000 | difference=298.2494 | category=version difference
HEROMOTOCO | 2016 | calculated=239.7529 | source=29.1000 | difference=210.6529 | category=version difference
HEROMOTOCO | 2017 | calculated=205.5025 | source=29.1000 | difference=176.4025 | category=version difference
HEROMOTOCO | 2018 | calculated=178.1639 | source=29.1000 | difference=149.0639 | category=version difference
HEROMOTOCO | 2019 | calculated=161.8225 | source=29.1000 | difference=132.7225 | category=version difference
HEROMOTOCO | 2020 | calculated=146.2817 | source=29.1000 | difference=117.1817 | category=version difference
HEROMOTOCO | 2021 | calculated=135.8500 | source=29.1000 | difference=106.7500 | category=version difference
HEROMOTOCO | 2022 | calculated=132.1177 | source=29.1000 | difference=103.0177 | category=version difference
HEROMOTOCO | 2023 | calculated=126.1960 | source=29.1000 | difference=97.0960 | category=version difference
HEROMOTOCO | 2024 | calculated=118.7435 | source=29.1000 | difference=89.6435 | category=version difference
HINDALCO | 2013 | calculated=78.5687 | source=11.3000 | difference=67.2687 | category=version difference
HINDALCO | 2014 | calculated=68.8155 | source=11.3000 | difference=57.5155 | category=version difference
HINDALCO | 2015 | calculated=67.8895 | source=11.3000 | difference=56.5895 | category=version difference
HINDALCO | 2016 | calculated=67.0334 | source=11.3000 | difference=55.7334 | category=version difference
HINDALCO | 2017 | calculated=65.9871 | source=11.3000 | difference=54.6871 | category=version difference
HINDALCO | 2018 | calculated=67.8076 | source=11.3000 | difference=56.5076 | category=version difference
HINDALCO | 2019 | calculated=65.9631 | source=11.3000 | difference=54.6631 | category=version difference
HINDALCO | 2020 | calculated=57.2177 | source=11.3000 | difference=45.9177 | category=version difference
HINDALCO | 2021 | calculated=54.2131 | source=11.3000 | difference=42.9131 | category=version difference
HINDALCO | 2022 | calculated=50.8169 | source=11.3000 | difference=39.5169 | category=version difference
HINDALCO | 2023 | calculated=46.7475 | source=11.3000 | difference=35.4475 | category=version difference
HINDALCO | 2024 | calculated=44.6173 | source=11.3000 | difference=33.3173 | category=version difference
HINDUNILVR | 2013 | calculated=788.9273 | source=27.2000 | difference=761.7273 | category=version difference
HINDUNILVR | 2014 | calculated=636.3383 | source=27.2000 | difference=609.1383 | category=version difference
HINDUNILVR | 2015 | calculated=560.1966 | source=27.2000 | difference=532.9966 | category=version difference
HINDUNILVR | 2016 | calculated=337.7778 | source=27.2000 | difference=310.5778 | category=version difference
HINDUNILVR | 2017 | calculated=324.7401 | source=27.2000 | difference=297.5401 | category=version difference
HINDUNILVR | 2018 | calculated=313.1438 | source=27.2000 | difference=285.9438 | category=version difference
HINDUNILVR | 2019 | calculated=286.2164 | source=27.2000 | difference=259.0164 | category=version difference
HINDUNILVR | 2020 | calculated=277.0689 | source=27.2000 | difference=249.8689 | category=version difference
HINDUNILVR | 2021 | calculated=47.8248 | source=27.2000 | difference=20.6248 | category=formula discrepancy
HINDUNILVR | 2022 | calculated=45.5053 | source=27.2000 | difference=18.3053 | category=formula discrepancy
HINDUNILVR | 2023 | calculated=44.2521 | source=27.2000 | difference=17.0521 | category=formula discrepancy
HINDUNILVR | 2024 | calculated=43.2621 | source=27.2000 | difference=16.0621 | category=formula discrepancy
ICICIBANK | 2021 | calculated=2.5091 | source=7.6000 | difference=5.0909 | category=formula discrepancy
ICICIBANK | 2022 | calculated=2.2055 | source=7.6000 | difference=5.3945 | category=formula discrepancy
ICICIBANK | 2023 | calculated=1.9605 | source=7.6000 | difference=5.6395 | category=formula discrepancy
ICICIBANK | 2024 | calculated=1.6595 | source=7.6000 | difference=5.9405 | category=formula discrepancy
ICICIGI | 2013 | calculated=223.9037 | source=22.5000 | difference=201.4037 | category=version difference
ICICIGI | 2014 | calculated=174.8956 | source=22.5000 | difference=152.3956 | category=version difference
ICICIGI | 2015 | calculated=145.0797 | source=22.5000 | difference=122.5797 | category=version difference
ICICIGI | 2016 | calculated=129.3482 | source=22.5000 | difference=106.8482 | category=version difference
ICICIGI | 2017 | calculated=95.4628 | source=22.5000 | difference=72.9628 | category=version difference
ICICIGI | 2018 | calculated=83.3068 | source=22.5000 | difference=60.8068 | category=version difference
ICICIGI | 2019 | calculated=71.1470 | source=22.5000 | difference=48.6470 | category=version difference
ICICIGI | 2020 | calculated=63.2573 | source=22.5000 | difference=40.7573 | category=version difference
ICICIGI | 2021 | calculated=51.7937 | source=22.5000 | difference=29.2937 | category=version difference
ICICIGI | 2022 | calculated=44.3163 | source=22.5000 | difference=21.8163 | category=formula discrepancy
ICICIGI | 2023 | calculated=39.9561 | source=22.5000 | difference=17.4561 | category=formula discrepancy
ICICIGI | 2024 | calculated=34.2075 | source=22.5000 | difference=11.7075 | category=formula discrepancy
ICICIPRULI | 2013 | calculated=486.8468 | source=8.7500 | difference=478.0968 | category=version difference
ICICIPRULI | 2014 | calculated=439.9726 | source=8.7500 | difference=431.2226 | category=version difference
ICICIPRULI | 2015 | calculated=366.2678 | source=8.7500 | difference=357.5178 | category=version difference
ICICIPRULI | 2016 | calculated=303.5894 | source=8.7500 | difference=294.8394 | category=version difference
ICICIPRULI | 2017 | calculated=301.0303 | source=8.7500 | difference=292.2803 | category=version difference
ICICIPRULI | 2018 | calculated=293.3374 | source=8.7500 | difference=284.5874 | category=version difference
ICICIPRULI | 2019 | calculated=280.6578 | source=8.7500 | difference=271.9078 | category=version difference
ICICIPRULI | 2020 | calculated=267.3506 | source=8.7500 | difference=258.6006 | category=version difference
ICICIPRULI | 2021 | calculated=187.0599 | source=8.7500 | difference=178.3099 | category=version difference
ICICIPRULI | 2022 | calculated=186.1749 | source=8.7500 | difference=177.4249 | category=version difference
ICICIPRULI | 2023 | calculated=170.8060 | source=8.7500 | difference=162.0560 | category=version difference
ICICIPRULI | 2024 | calculated=158.0008 | source=8.7500 | difference=149.2508 | category=version difference
INDIGO | 2013 | calculated=54266.2338 | source=24.5000 | difference=54241.7338 | category=version difference
INDIGO | 2014 | calculated=45418.4783 | source=24.5000 | difference=45393.9783 | category=version difference
INDIGO | 2015 | calculated=27490.1316 | source=24.5000 | difference=27465.6316 | category=version difference
INDIGO | 2016 | calculated=6082.2416 | source=24.5000 | difference=6057.7416 | category=version difference
INDIGO | 2017 | calculated=5571.3333 | source=24.5000 | difference=5546.8333 | category=version difference
INDIGO | 2018 | calculated=5426.6234 | source=24.5000 | difference=5402.1234 | category=version difference
INDIGO | 2019 | calculated=3851.1521 | source=24.5000 | difference=3826.6521 | category=version difference
INDIGO | 2020 | calculated=3290.1575 | source=24.5000 | difference=3265.6575 | category=version difference
INDIGO | 2021 | calculated=1458.4642 | source=24.5000 | difference=1433.9642 | category=version difference
INDIGO | 2022 | calculated=1262.3867 | source=24.5000 | difference=1237.8867 | category=version difference
INDIGO | 2023 | calculated=1059.1888 | source=24.5000 | difference=1034.6888 | category=version difference
INDIGO | 2024 | calculated=896.6738 | source=24.5000 | difference=872.1738 | category=version difference
INDUSINDBK | 2013 | calculated=2.7399 | source=7.9300 | difference=5.1901 | category=formula discrepancy
INDUSINDBK | 2014 | calculated=2.3142 | source=7.9300 | difference=5.6158 | category=formula discrepancy
INDUSINDBK | 2015 | calculated=1.8511 | source=7.9300 | difference=6.0789 | category=formula discrepancy
INDUSINDBK | 2016 | calculated=1.4378 | source=7.9300 | difference=6.4922 | category=formula discrepancy
INDUSINDBK | 2017 | calculated=1.1499 | source=7.9300 | difference=6.7801 | category=formula discrepancy
INDUSINDBK | 2018 | calculated=0.9127 | source=7.9300 | difference=7.0173 | category=formula discrepancy
INDUSINDBK | 2019 | calculated=0.7256 | source=7.9300 | difference=7.2044 | category=formula discrepancy
INDUSINDBK | 2020 | calculated=0.6558 | source=7.9300 | difference=7.2742 | category=formula discrepancy
INDUSINDBK | 2021 | calculated=0.5560 | source=7.9300 | difference=7.3740 | category=formula discrepancy
INDUSINDBK | 2022 | calculated=0.5019 | source=7.9300 | difference=7.4281 | category=formula discrepancy
INDUSINDBK | 2023 | calculated=0.4433 | source=7.9300 | difference=7.4867 | category=formula discrepancy
INDUSINDBK | 2024 | calculated=0.3940 | source=7.9300 | difference=7.5360 | category=formula discrepancy
INFY | 2014 | calculated=31.2216 | source=40.0000 | difference=8.7784 | category=formula discrepancy
INFY | 2015 | calculated=27.4026 | source=40.0000 | difference=12.5974 | category=formula discrepancy
INFY | 2016 | calculated=22.5172 | source=40.0000 | difference=17.4828 | category=formula discrepancy
INFY | 2017 | calculated=20.1545 | source=40.0000 | difference=19.8455 | category=formula discrepancy
INFY | 2018 | calculated=21.4146 | source=40.0000 | difference=18.5854 | category=formula discrepancy
INFY | 2019 | calculated=21.4064 | source=40.0000 | difference=18.5936 | category=formula discrepancy
INFY | 2020 | calculated=19.8379 | source=40.0000 | difference=20.1621 | category=formula discrepancy
INFY | 2021 | calculated=17.0221 | source=40.0000 | difference=22.9779 | category=formula discrepancy
INFY | 2022 | calculated=17.2016 | source=40.0000 | difference=22.7984 | category=formula discrepancy
INFY | 2023 | calculated=16.6093 | source=40.0000 | difference=23.3907 | category=formula discrepancy
INFY | 2024 | calculated=14.4110 | source=40.0000 | difference=25.5890 | category=version difference
IOC | 2013 | calculated=11.3681 | source=21.3100 | difference=9.9419 | category=formula discrepancy
IOC | 2014 | calculated=10.6615 | source=21.3100 | difference=10.6485 | category=formula discrepancy
IOC | 2015 | calculated=12.9819 | source=21.3100 | difference=8.3281 | category=formula discrepancy
IOC | 2016 | calculated=11.6877 | source=21.3100 | difference=9.6223 | category=formula discrepancy
IOC | 2017 | calculated=10.4979 | source=21.3100 | difference=10.8121 | category=formula discrepancy
IOC | 2018 | calculated=9.6700 | source=21.3100 | difference=11.6400 | category=formula discrepancy
IOC | 2019 | calculated=8.2969 | source=21.3100 | difference=13.0131 | category=formula discrepancy
IOC | 2020 | calculated=7.7091 | source=21.3100 | difference=13.6009 | category=formula discrepancy
IOC | 2021 | calculated=7.5978 | source=21.3100 | difference=13.7122 | category=formula discrepancy
IOC | 2022 | calculated=6.5373 | source=21.3100 | difference=14.7727 | category=formula discrepancy
IOC | 2023 | calculated=6.0132 | source=21.3100 | difference=15.2968 | category=formula discrepancy
IOC | 2024 | calculated=5.4929 | source=21.3100 | difference=15.8171 | category=formula discrepancy
IRCTC | 2016 | calculated=43.1734 | source=53.8000 | difference=10.6266 | category=formula discrepancy
IRCTC | 2017 | calculated=29.7332 | source=53.8000 | difference=24.0668 | category=formula discrepancy
IRCTC | 2018 | calculated=24.5026 | source=53.8000 | difference=29.2974 | category=version difference
IRCTC | 2019 | calculated=21.8487 | source=53.8000 | difference=31.9513 | category=version difference
IRCTC | 2020 | calculated=17.8082 | source=53.8000 | difference=35.9918 | category=version difference
IRCTC | 2021 | calculated=15.2443 | source=53.8000 | difference=38.5557 | category=version difference
IRCTC | 2022 | calculated=11.8481 | source=53.8000 | difference=41.9519 | category=version difference
IRCTC | 2023 | calculated=9.1335 | source=53.8000 | difference=44.6665 | category=version difference
IRCTC | 2024 | calculated=7.1125 | source=53.8000 | difference=46.6875 | category=version difference
ITC | 2013 | calculated=51.9046 | source=34.7600 | difference=17.1446 | category=formula discrepancy
ITC | 2014 | calculated=43.9354 | source=34.7600 | difference=9.1754 | category=formula discrepancy
ITC | 2016 | calculated=28.2317 | source=34.7600 | difference=6.5283 | category=formula discrepancy
ITC | 2017 | calculated=25.9864 | source=34.7600 | difference=8.7736 | category=formula discrepancy
ITC | 2018 | calculated=22.9761 | source=34.7600 | difference=11.7839 | category=formula discrepancy
ITC | 2019 | calculated=20.4094 | source=34.7600 | difference=14.3506 | category=formula discrepancy
ITC | 2020 | calculated=18.4180 | source=34.7600 | difference=16.3420 | category=formula discrepancy
ITC | 2021 | calculated=19.9165 | source=34.7600 | difference=14.8435 | category=formula discrepancy
ITC | 2022 | calculated=19.2540 | source=34.7600 | difference=15.5060 | category=formula discrepancy
ITC | 2023 | calculated=17.3810 | source=34.7600 | difference=17.3790 | category=formula discrepancy
ITC | 2024 | calculated=16.1382 | source=34.7600 | difference=18.6218 | category=formula discrepancy
JINDALSTEL | 2016 | calculated=8.1267 | source=13.2000 | difference=5.0733 | category=formula discrepancy
JSWENERGY | 2013 | calculated=16.9471 | source=8.5900 | difference=8.3571 | category=formula discrepancy
JSWENERGY | 2014 | calculated=16.8496 | source=8.5900 | difference=8.2596 | category=formula discrepancy
JSWENERGY | 2015 | calculated=16.7143 | source=8.5900 | difference=8.1243 | category=formula discrepancy
JSWSTEEL | 2019 | calculated=7.5495 | source=13.3600 | difference=5.8105 | category=formula discrepancy
JSWSTEEL | 2020 | calculated=6.3302 | source=13.3600 | difference=7.0298 | category=formula discrepancy
JSWSTEEL | 2021 | calculated=5.6845 | source=13.3600 | difference=7.6755 | category=formula discrepancy
JSWSTEEL | 2022 | calculated=4.4469 | source=13.3600 | difference=8.9131 | category=formula discrepancy
JSWSTEEL | 2023 | calculated=4.2341 | source=13.3600 | difference=9.1259 | category=formula discrepancy
JSWSTEEL | 2024 | calculated=3.7458 | source=13.3600 | difference=9.6142 | category=formula discrepancy
KOTAKBANK | 2017 | calculated=2.7023 | source=7.8600 | difference=5.1577 | category=formula discrepancy
KOTAKBANK | 2018 | calculated=2.1929 | source=7.8600 | difference=5.6671 | category=formula discrepancy
KOTAKBANK | 2019 | calculated=1.8842 | source=7.8600 | difference=5.9758 | category=formula discrepancy
KOTAKBANK | 2020 | calculated=1.6753 | source=7.8600 | difference=6.1847 | category=formula discrepancy
KOTAKBANK | 2021 | calculated=1.6007 | source=7.8600 | difference=6.2593 | category=formula discrepancy
KOTAKBANK | 2022 | calculated=1.4243 | source=7.8600 | difference=6.4357 | category=formula discrepancy
KOTAKBANK | 2023 | calculated=1.2412 | source=7.8600 | difference=6.6188 | category=formula discrepancy
KOTAKBANK | 2024 | calculated=1.0127 | source=7.8600 | difference=6.8473 | category=formula discrepancy
LICI | 2019 | calculated=3.1586 | source=63.7900 | difference=60.6314 | category=version difference
LICI | 2020 | calculated=3.3547 | source=63.7900 | difference=60.4353 | category=version difference
LICI | 2021 | calculated=123.9111 | source=63.7900 | difference=60.1211 | category=version difference
LICI | 2022 | calculated=75.2712 | source=63.7900 | difference=11.4812 | category=formula discrepancy
LICI | 2023 | calculated=18.4608 | source=63.7900 | difference=45.3292 | category=version difference
LICI | 2024 | calculated=10.3146 | source=63.7900 | difference=53.4754 | category=version difference
LODHA | 2016 | calculated=3.6781 | source=11.1000 | difference=7.4219 | category=formula discrepancy
LODHA | 2017 | calculated=3.2400 | source=11.1000 | difference=7.8600 | category=formula discrepancy
LODHA | 2018 | calculated=2.3588 | source=11.1000 | difference=8.7412 | category=formula discrepancy
LODHA | 2019 | calculated=2.2217 | source=11.1000 | difference=8.8783 | category=formula discrepancy
LODHA | 2020 | calculated=2.8509 | source=11.1000 | difference=8.2491 | category=formula discrepancy
LODHA | 2021 | calculated=2.8738 | source=11.1000 | difference=8.2262 | category=formula discrepancy
LODHA | 2022 | calculated=2.7704 | source=11.1000 | difference=8.3296 | category=formula discrepancy
LODHA | 2023 | calculated=3.0152 | source=11.1000 | difference=8.0848 | category=formula discrepancy
LODHA | 2024 | calculated=2.6026 | source=11.1000 | difference=8.4974 | category=formula discrepancy
LT | 2013 | calculated=884.7425 | source=17.1800 | difference=867.5625 | category=version difference
LT | 2014 | calculated=809.1279 | source=17.1800 | difference=791.9479 | category=version difference
LT | 2015 | calculated=620.1872 | source=17.1800 | difference=603.0072 | category=version difference
LT | 2016 | calculated=638.3945 | source=17.1800 | difference=621.2145 | category=version difference
LT | 2017 | calculated=442.6527 | source=17.1800 | difference=425.4727 | category=version difference
LT | 2018 | calculated=360.5440 | source=17.1800 | difference=343.3640 | category=version difference
LT | 2019 | calculated=284.4267 | source=17.1800 | difference=267.2467 | category=version difference
LT | 2020 | calculated=220.3452 | source=17.1800 | difference=203.1652 | category=version difference
LT | 2021 | calculated=171.7724 | source=17.1800 | difference=154.5924 | category=version difference
LT | 2022 | calculated=95.6758 | source=17.1800 | difference=78.4958 | category=version difference
LT | 2023 | calculated=76.7496 | source=17.1800 | difference=59.5696 | category=version difference
LT | 2024 | calculated=63.0042 | source=17.1800 | difference=45.8242 | category=version difference
LTIM | 2013 | calculated=56.7069 | source=34.1000 | difference=22.6069 | category=formula discrepancy
LTIM | 2014 | calculated=51.8605 | source=34.1000 | difference=17.7605 | category=formula discrepancy
LTIM | 2015 | calculated=39.7504 | source=34.1000 | difference=5.6504 | category=formula discrepancy
LTIM | 2016 | calculated=40.9174 | source=34.1000 | difference=6.8174 | category=formula discrepancy
LTIM | 2017 | calculated=28.3715 | source=34.1000 | difference=5.7285 | category=formula discrepancy
LTIM | 2018 | calculated=23.1088 | source=34.1000 | difference=10.9912 | category=formula discrepancy
LTIM | 2019 | calculated=18.2301 | source=34.1000 | difference=15.8699 | category=formula discrepancy
LTIM | 2020 | calculated=14.1229 | source=34.1000 | difference=19.9771 | category=formula discrepancy
LTIM | 2021 | calculated=11.0096 | source=34.1000 | difference=23.0904 | category=formula discrepancy
LTIM | 2022 | calculated=6.1323 | source=34.1000 | difference=27.9677 | category=version difference
LTIM | 2023 | calculated=4.9192 | source=34.1000 | difference=29.1808 | category=version difference
LTIM | 2024 | calculated=4.0382 | source=34.1000 | difference=30.0618 | category=version difference
MARUTI | 2016 | calculated=16.7212 | source=23.6700 | difference=6.9488 | category=formula discrepancy
MARUTI | 2017 | calculated=13.7331 | source=23.6700 | difference=9.9369 | category=formula discrepancy
MARUTI | 2018 | calculated=12.0853 | source=23.6700 | difference=11.5847 | category=formula discrepancy
MARUTI | 2019 | calculated=10.9159 | source=23.6700 | difference=12.7541 | category=formula discrepancy
MARUTI | 2020 | calculated=10.3998 | source=23.6700 | difference=13.2702 | category=formula discrepancy
MARUTI | 2021 | calculated=9.7244 | source=23.6700 | difference=13.9456 | category=formula discrepancy
MARUTI | 2022 | calculated=9.2505 | source=23.6700 | difference=14.4195 | category=formula discrepancy
MARUTI | 2023 | calculated=6.8004 | source=23.6700 | difference=16.8696 | category=formula discrepancy
MARUTI | 2024 | calculated=6.0148 | source=23.6700 | difference=17.6552 | category=formula discrepancy
MOTHERSON | 2013 | calculated=24.9965 | source=13.7000 | difference=11.2965 | category=formula discrepancy
MOTHERSON | 2014 | calculated=23.0542 | source=13.7000 | difference=9.3542 | category=formula discrepancy
MOTHERSON | 2015 | calculated=21.2655 | source=13.7000 | difference=7.5655 | category=formula discrepancy
MOTHERSON | 2019 | calculated=7.9922 | source=13.7000 | difference=5.7078 | category=formula discrepancy
MOTHERSON | 2020 | calculated=7.3698 | source=13.7000 | difference=6.3302 | category=formula discrepancy
MOTHERSON | 2021 | calculated=7.3415 | source=13.7000 | difference=6.3585 | category=formula discrepancy
MOTHERSON | 2022 | calculated=5.1789 | source=13.7000 | difference=8.5211 | category=formula discrepancy
MOTHERSON | 2023 | calculated=4.9608 | source=13.7000 | difference=8.7392 | category=formula discrepancy
MOTHERSON | 2024 | calculated=3.9022 | source=13.7000 | difference=9.7978 | category=formula discrepancy
NAUKRI | 2013 | calculated=23.8095 | source=3.6500 | difference=20.1595 | category=formula discrepancy
NAUKRI | 2014 | calculated=21.5453 | source=3.6500 | difference=17.8953 | category=formula discrepancy
NAUKRI | 2015 | calculated=10.2401 | source=3.6500 | difference=6.5901 | category=formula discrepancy
NAUKRI | 2016 | calculated=9.3912 | source=3.6500 | difference=5.7412 | category=formula discrepancy
NAUKRI | 2017 | calculated=9.1023 | source=3.6500 | difference=5.4523 | category=formula discrepancy
NESTLEIND | 2013 | calculated=57.4923 | source=185.4300 | difference=127.9377 | category=version difference
NESTLEIND | 2014 | calculated=71.5786 | source=185.4300 | difference=113.8514 | category=version difference
NESTLEIND | 2015 | calculated=72.1340 | source=185.4300 | difference=113.2960 | category=version difference
NESTLEIND | 2016 | calculated=61.6893 | source=185.4300 | difference=123.7407 | category=version difference
NESTLEIND | 2017 | calculated=59.1896 | source=185.4300 | difference=126.2404 | category=version difference
NESTLEIND | 2018 | calculated=55.1510 | source=185.4300 | difference=130.2790 | category=version difference
NESTLEIND | 2019 | calculated=97.0574 | source=185.4300 | difference=88.3726 | category=version difference
NESTLEIND | 2020 | calculated=94.4137 | source=185.4300 | difference=91.0163 | category=version difference
NESTLEIND | 2021 | calculated=92.4503 | source=185.4300 | difference=92.9797 | category=version difference
NESTLEIND | 2022 | calculated=74.9084 | source=185.4300 | difference=110.5216 | category=version difference
NESTLEIND | 2023 | calculated=74.9084 | source=185.4300 | difference=110.5216 | category=version difference
NESTLEIND | 2024 | calculated=55.4953 | source=185.4300 | difference=129.9347 | category=version difference
ONGC | 2013 | calculated=28.2824 | source=19.7100 | difference=8.5724 | category=formula discrepancy
ONGC | 2020 | calculated=14.6421 | source=19.7100 | difference=5.0679 | category=formula discrepancy
ONGC | 2021 | calculated=13.8321 | source=19.7100 | difference=5.8779 | category=formula discrepancy
ONGC | 2022 | calculated=12.8415 | source=19.7100 | difference=6.8685 | category=formula discrepancy
ONGC | 2023 | calculated=11.5840 | source=19.7100 | difference=8.1260 | category=formula discrepancy
ONGC | 2024 | calculated=9.9926 | source=19.7100 | difference=9.7174 | category=formula discrepancy
PFC | 2013 | calculated=3.6769 | source=9.9600 | difference=6.2831 | category=formula discrepancy
PFC | 2014 | calculated=3.2125 | source=9.9600 | difference=6.7475 | category=formula discrepancy
PFC | 2015 | calculated=2.7243 | source=9.9600 | difference=7.2357 | category=formula discrepancy
PFC | 2016 | calculated=2.5346 | source=9.9600 | difference=7.4254 | category=formula discrepancy
PFC | 2017 | calculated=2.5013 | source=9.9600 | difference=7.4587 | category=formula discrepancy
PFC | 2018 | calculated=1.2472 | source=9.9600 | difference=8.7128 | category=formula discrepancy
PFC | 2019 | calculated=1.0227 | source=9.9600 | difference=8.9373 | category=formula discrepancy
PFC | 2020 | calculated=0.9287 | source=9.9600 | difference=9.0313 | category=formula discrepancy
PFC | 2021 | calculated=0.8327 | source=9.9600 | difference=9.1273 | category=formula discrepancy
PFC | 2022 | calculated=0.8194 | source=9.9600 | difference=9.1406 | category=formula discrepancy
PFC | 2023 | calculated=0.7182 | source=9.9600 | difference=9.2418 | category=formula discrepancy
PFC | 2024 | calculated=0.6229 | source=9.9600 | difference=9.3371 | category=formula discrepancy
PIDILITIND | 2013 | calculated=37.7412 | source=29.7000 | difference=8.0412 | category=formula discrepancy
PIDILITIND | 2016 | calculated=24.4665 | source=29.7000 | difference=5.2335 | category=formula discrepancy
PIDILITIND | 2017 | calculated=18.6327 | source=29.7000 | difference=11.0673 | category=formula discrepancy
PIDILITIND | 2018 | calculated=17.9778 | source=29.7000 | difference=11.7222 | category=formula discrepancy
PIDILITIND | 2019 | calculated=15.6067 | source=29.7000 | difference=14.0933 | category=formula discrepancy
PIDILITIND | 2020 | calculated=14.0177 | source=29.7000 | difference=15.6823 | category=formula discrepancy
PIDILITIND | 2021 | calculated=11.2255 | source=29.7000 | difference=18.4745 | category=formula discrepancy
PIDILITIND | 2022 | calculated=9.7507 | source=29.7000 | difference=19.9493 | category=formula discrepancy
PIDILITIND | 2023 | calculated=8.7465 | source=29.7000 | difference=20.9535 | category=formula discrepancy
PIDILITIND | 2024 | calculated=7.5663 | source=29.7000 | difference=22.1337 | category=formula discrepancy
PNB | 2013 | calculated=58.9361 | source=1.6300 | difference=57.3061 | category=version difference
PNB | 2013 | calculated=58.9361 | source=1.6300 | difference=57.3061 | category=version difference
PNB | 2013 | calculated=58.9361 | source=1.6300 | difference=57.3061 | category=version difference
PNB | 2013 | calculated=58.9361 | source=1.6300 | difference=57.3061 | category=version difference
PNB | 2013 | calculated=58.9361 | source=1.6300 | difference=57.3061 | category=version difference
PNB | 2014 | calculated=39.0328 | source=1.6300 | difference=37.4028 | category=version difference
PNB | 2014 | calculated=39.0328 | source=1.6300 | difference=37.4028 | category=version difference
PNB | 2014 | calculated=39.0328 | source=1.6300 | difference=37.4028 | category=version difference
PNB | 2014 | calculated=39.0328 | source=1.6300 | difference=37.4028 | category=version difference
PNB | 2014 | calculated=39.0328 | source=1.6300 | difference=37.4028 | category=version difference
PNB | 2015 | calculated=23.8649 | source=1.6300 | difference=22.2349 | category=formula discrepancy
PNB | 2015 | calculated=23.8649 | source=1.6300 | difference=22.2349 | category=formula discrepancy
PNB | 2015 | calculated=23.8649 | source=1.6300 | difference=22.2349 | category=formula discrepancy
PNB | 2015 | calculated=23.8649 | source=1.6300 | difference=22.2349 | category=formula discrepancy
PNB | 2015 | calculated=23.8649 | source=1.6300 | difference=22.2349 | category=formula discrepancy
PNB | 2016 | calculated=15.3054 | source=1.6300 | difference=13.6754 | category=formula discrepancy
PNB | 2016 | calculated=15.3054 | source=1.6300 | difference=13.6754 | category=formula discrepancy
PNB | 2016 | calculated=15.3054 | source=1.6300 | difference=13.6754 | category=formula discrepancy
PNB | 2016 | calculated=15.3054 | source=1.6300 | difference=13.6754 | category=formula discrepancy
PNB | 2016 | calculated=15.3054 | source=1.6300 | difference=13.6754 | category=formula discrepancy
PNB | 2017 | calculated=10.4930 | source=1.6300 | difference=8.8630 | category=formula discrepancy
PNB | 2017 | calculated=10.4930 | source=1.6300 | difference=8.8630 | category=formula discrepancy
PNB | 2017 | calculated=10.4930 | source=1.6300 | difference=8.8630 | category=formula discrepancy
PNB | 2017 | calculated=10.4930 | source=1.6300 | difference=8.8630 | category=formula discrepancy
PNB | 2017 | calculated=10.4930 | source=1.6300 | difference=8.8630 | category=formula discrepancy
PNB | 2018 | calculated=7.1421 | source=1.6300 | difference=5.5121 | category=formula discrepancy
PNB | 2018 | calculated=7.1421 | source=1.6300 | difference=5.5121 | category=formula discrepancy
PNB | 2018 | calculated=7.1421 | source=1.6300 | difference=5.5121 | category=formula discrepancy
PNB | 2018 | calculated=7.1421 | source=1.6300 | difference=5.5121 | category=formula discrepancy
PNB | 2018 | calculated=7.1421 | source=1.6300 | difference=5.5121 | category=formula discrepancy
PNB | 2022 | calculated=6.8672 | source=1.6300 | difference=5.2372 | category=formula discrepancy
PNB | 2022 | calculated=6.8672 | source=1.6300 | difference=5.2372 | category=formula discrepancy
PNB | 2022 | calculated=6.8672 | source=1.6300 | difference=5.2372 | category=formula discrepancy
PNB | 2022 | calculated=6.8672 | source=1.6300 | difference=5.2372 | category=formula discrepancy
PNB | 2022 | calculated=6.8672 | source=1.6300 | difference=5.2372 | category=formula discrepancy
PNB | 2023 | calculated=6.6745 | source=1.6300 | difference=5.0445 | category=formula discrepancy
PNB | 2023 | calculated=6.6745 | source=1.6300 | difference=5.0445 | category=formula discrepancy
PNB | 2023 | calculated=6.6745 | source=1.6300 | difference=5.0445 | category=formula discrepancy
PNB | 2023 | calculated=6.6745 | source=1.6300 | difference=5.0445 | category=formula discrepancy
PNB | 2023 | calculated=6.6745 | source=1.6300 | difference=5.0445 | category=formula discrepancy
POWERGRID | 2016 | calculated=7.7389 | source=13.2000 | difference=5.4611 | category=formula discrepancy
POWERGRID | 2016 | calculated=7.7389 | source=13.2000 | difference=5.4611 | category=formula discrepancy
POWERGRID | 2017 | calculated=6.9901 | source=13.2000 | difference=6.2099 | category=formula discrepancy
POWERGRID | 2017 | calculated=6.9901 | source=13.2000 | difference=6.2099 | category=formula discrepancy
POWERGRID | 2018 | calculated=6.3481 | source=13.2000 | difference=6.8519 | category=formula discrepancy
POWERGRID | 2018 | calculated=6.3481 | source=13.2000 | difference=6.8519 | category=formula discrepancy
POWERGRID | 2019 | calculated=5.7445 | source=13.2000 | difference=7.4555 | category=formula discrepancy
POWERGRID | 2019 | calculated=5.7445 | source=13.2000 | difference=7.4555 | category=formula discrepancy
POWERGRID | 2020 | calculated=5.5422 | source=13.2000 | difference=7.6578 | category=formula discrepancy
POWERGRID | 2020 | calculated=5.5422 | source=13.2000 | difference=7.6578 | category=formula discrepancy
POWERGRID | 2021 | calculated=5.5369 | source=13.2000 | difference=7.6631 | category=formula discrepancy
POWERGRID | 2021 | calculated=5.5369 | source=13.2000 | difference=7.6631 | category=formula discrepancy
POWERGRID | 2022 | calculated=5.5954 | source=13.2000 | difference=7.6046 | category=formula discrepancy
POWERGRID | 2022 | calculated=5.5954 | source=13.2000 | difference=7.6046 | category=formula discrepancy
POWERGRID | 2023 | calculated=5.5777 | source=13.2000 | difference=7.6223 | category=formula discrepancy
POWERGRID | 2023 | calculated=5.5777 | source=13.2000 | difference=7.6223 | category=formula discrepancy
POWERGRID | 2024 | calculated=5.6028 | source=13.2000 | difference=7.5972 | category=formula discrepancy
POWERGRID | 2024 | calculated=5.6028 | source=13.2000 | difference=7.5972 | category=formula discrepancy
RECLTD | 2019 | calculated=4.7612 | source=10.0000 | difference=5.2388 | category=formula discrepancy
RECLTD | 2020 | calculated=4.1264 | source=10.0000 | difference=5.8736 | category=formula discrepancy
RECLTD | 2021 | calculated=3.5541 | source=10.0000 | difference=6.4459 | category=formula discrepancy
RECLTD | 2022 | calculated=3.4536 | source=10.0000 | difference=6.5464 | category=formula discrepancy
RECLTD | 2023 | calculated=3.0243 | source=10.0000 | difference=6.9757 | category=formula discrepancy
RECLTD | 2024 | calculated=2.5779 | source=10.0000 | difference=7.4221 | category=formula discrepancy
RELIANCE | 2021 | calculated=4.1784 | source=9.6100 | difference=5.4316 | category=formula discrepancy
RELIANCE | 2022 | calculated=3.7239 | source=9.6100 | difference=5.8861 | category=formula discrepancy
RELIANCE | 2023 | calculated=3.5041 | source=9.6100 | difference=6.1059 | category=formula discrepancy
RELIANCE | 2024 | calculated=3.2665 | source=9.6100 | difference=6.3435 | category=formula discrepancy
SBILIFE | 2013 | calculated=26.2792 | source=13.2000 | difference=13.0792 | category=formula discrepancy
SBILIFE | 2014 | calculated=21.4243 | source=13.2000 | difference=8.2243 | category=formula discrepancy
SBILIFE | 2021 | calculated=6.9135 | source=13.2000 | difference=6.2865 | category=formula discrepancy
SBILIFE | 2022 | calculated=6.1865 | source=13.2000 | difference=7.0135 | category=formula discrepancy
SBILIFE | 2023 | calculated=5.5231 | source=13.2000 | difference=7.6769 | category=formula discrepancy
SBILIFE | 2024 | calculated=4.8229 | source=13.2000 | difference=8.3771 | category=formula discrepancy
SHREECEM | 2013 | calculated=34.0608 | source=14.8000 | difference=19.2608 | category=formula discrepancy
SHREECEM | 2014 | calculated=29.5720 | source=14.8000 | difference=14.7720 | category=formula discrepancy
SHREECEM | 2015 | calculated=28.2254 | source=14.8000 | difference=13.4254 | category=formula discrepancy
SHREECEM | 2022 | calculated=8.9234 | source=14.8000 | difference=5.8766 | category=formula discrepancy
SHREECEM | 2023 | calculated=8.1831 | source=14.8000 | difference=6.6169 | category=formula discrepancy
SHREECEM | 2024 | calculated=7.8179 | source=14.8000 | difference=6.9821 | category=formula discrepancy
SHRIRAMFIN | 2013 | calculated=5.3678 | source=11.3000 | difference=5.9322 | category=formula discrepancy
SHRIRAMFIN | 2014 | calculated=4.6373 | source=11.3000 | difference=6.6627 | category=formula discrepancy
SHRIRAMFIN | 2015 | calculated=3.9063 | source=11.3000 | difference=7.3937 | category=formula discrepancy
SHRIRAMFIN | 2016 | calculated=3.6454 | source=11.3000 | difference=7.6546 | category=formula discrepancy
SHRIRAMFIN | 2017 | calculated=3.3938 | source=11.3000 | difference=7.9062 | category=formula discrepancy
SHRIRAMFIN | 2018 | calculated=2.2813 | source=11.3000 | difference=9.0187 | category=formula discrepancy
SHRIRAMFIN | 2019 | calculated=2.1044 | source=11.3000 | difference=9.1956 | category=formula discrepancy
SHRIRAMFIN | 2020 | calculated=1.9366 | source=11.3000 | difference=9.3634 | category=formula discrepancy
SHRIRAMFIN | 2021 | calculated=1.7043 | source=11.3000 | difference=9.5957 | category=formula discrepancy
SHRIRAMFIN | 2022 | calculated=1.5510 | source=11.3000 | difference=9.7490 | category=formula discrepancy
SHRIRAMFIN | 2023 | calculated=1.0524 | source=11.3000 | difference=10.2476 | category=formula discrepancy
SHRIRAMFIN | 2024 | calculated=0.8943 | source=11.3000 | difference=10.4057 | category=formula discrepancy
SIEMENS | 2011 | calculated=38.5220 | source=25.6000 | difference=12.9220 | category=formula discrepancy
SIEMENS | 2014 | calculated=33.6000 | source=25.6000 | difference=8.0000 | category=formula discrepancy
SIEMENS | 2017 | calculated=19.1157 | source=25.6000 | difference=6.4843 | category=formula discrepancy
SIEMENS | 2018 | calculated=17.7130 | source=25.6000 | difference=7.8870 | category=formula discrepancy
SIEMENS | 2019 | calculated=16.2449 | source=25.6000 | difference=9.3551 | category=formula discrepancy
SIEMENS | 2020 | calculated=15.4867 | source=25.6000 | difference=10.1133 | category=formula discrepancy
SIEMENS | 2021 | calculated=14.2015 | source=25.6000 | difference=11.3985 | category=formula discrepancy
SIEMENS | 2022 | calculated=12.4661 | source=25.6000 | difference=13.1339 | category=formula discrepancy
SIEMENS | 2023 | calculated=11.0843 | source=25.6000 | difference=14.5157 | category=formula discrepancy
SIEMENS | 2024 | calculated=9.4014 | source=25.6000 | difference=16.1986 | category=formula discrepancy
SUNPHARMA | 2013 | calculated=30.7803 | source=17.3000 | difference=13.4803 | category=formula discrepancy
SUNPHARMA | 2016 | calculated=11.3163 | source=17.3000 | difference=5.9837 | category=formula discrepancy
SUNPHARMA | 2017 | calculated=10.1007 | source=17.3000 | difference=7.1993 | category=formula discrepancy
SUNPHARMA | 2018 | calculated=9.6388 | source=17.3000 | difference=7.6612 | category=formula discrepancy
SUNPHARMA | 2019 | calculated=9.0403 | source=17.3000 | difference=8.2597 | category=formula discrepancy
SUNPHARMA | 2020 | calculated=8.7607 | source=17.3000 | difference=8.5393 | category=formula discrepancy
SUNPHARMA | 2021 | calculated=9.3261 | source=17.3000 | difference=7.9739 | category=formula discrepancy
SUNPHARMA | 2022 | calculated=9.5211 | source=17.3000 | difference=7.7789 | category=formula discrepancy
SUNPHARMA | 2023 | calculated=7.4649 | source=17.3000 | difference=9.8351 | category=formula discrepancy
SUNPHARMA | 2024 | calculated=7.0121 | source=17.3000 | difference=10.2879 | category=formula discrepancy
TATACONSUM | 2020 | calculated=5.3633 | source=10.6000 | difference=5.2367 | category=formula discrepancy
TATACONSUM | 2021 | calculated=5.1089 | source=10.6000 | difference=5.4911 | category=formula discrepancy
TATACONSUM | 2022 | calculated=4.9897 | source=10.6000 | difference=5.6103 | category=formula discrepancy
TATACONSUM | 2023 | calculated=4.6205 | source=10.6000 | difference=5.9795 | category=formula discrepancy
TATACONSUM | 2024 | calculated=4.2285 | source=10.6000 | difference=6.3715 | category=formula discrepancy
TATAMOTORS | 2013 | calculated=27.1573 | source=20.1000 | difference=7.0573 | category=formula discrepancy
TATAMOTORS | 2018 | calculated=13.4555 | source=20.1000 | difference=6.6445 | category=formula discrepancy
TATAMOTORS | 2019 | calculated=14.9134 | source=20.1000 | difference=5.1866 | category=formula discrepancy
TATAMOTORS | 2020 | calculated=13.2056 | source=20.1000 | difference=6.8944 | category=formula discrepancy
TATAMOTORS | 2021 | calculated=12.5693 | source=20.1000 | difference=7.5307 | category=formula discrepancy
TATAMOTORS | 2022 | calculated=12.9883 | source=20.1000 | difference=7.1117 | category=formula discrepancy
TATAMOTORS | 2023 | calculated=13.8262 | source=20.1000 | difference=6.2738 | category=formula discrepancy
TATAMOTORS | 2024 | calculated=12.9093 | source=20.1000 | difference=7.1907 | category=formula discrepancy
TCS | 2013 | calculated=49.4316 | source=64.3000 | difference=14.8684 | category=formula discrepancy
TCS | 2014 | calculated=38.8305 | source=64.3000 | difference=25.4695 | category=version difference
TCS | 2015 | calculated=37.6875 | source=64.3000 | difference=26.6125 | category=version difference
TCS | 2016 | calculated=26.9473 | source=64.3000 | difference=37.3527 | category=version difference
TCS | 2017 | calculated=22.2166 | source=64.3000 | difference=42.0834 | category=version difference
TCS | 2018 | calculated=22.5101 | source=64.3000 | difference=41.7899 | category=version difference
TCS | 2019 | calculated=21.4707 | source=64.3000 | difference=42.8293 | category=version difference
TCS | 2020 | calculated=20.8212 | source=64.3000 | difference=43.4788 | category=version difference
TCS | 2021 | calculated=20.3952 | source=64.3000 | difference=43.9048 | category=version difference
TCS | 2022 | calculated=19.8212 | source=64.3000 | difference=44.4788 | category=version difference
TCS | 2023 | calculated=19.5878 | source=64.3000 | difference=44.7122 | category=version difference
TCS | 2024 | calculated=19.5087 | source=64.3000 | difference=44.7913 | category=version difference
TECHM | 2013 | calculated=18.8216 | source=11.9000 | difference=6.9216 | category=formula discrepancy
TECHM | 2013 | calculated=18.8216 | source=11.9000 | difference=6.9216 | category=formula discrepancy
TECHM | 2018 | calculated=6.0311 | source=11.9000 | difference=5.8689 | category=formula discrepancy
TECHM | 2018 | calculated=6.0311 | source=11.9000 | difference=5.8689 | category=formula discrepancy
TECHM | 2019 | calculated=5.7493 | source=11.9000 | difference=6.1507 | category=formula discrepancy
TECHM | 2019 | calculated=5.7493 | source=11.9000 | difference=6.1507 | category=formula discrepancy
TECHM | 2020 | calculated=5.0269 | source=11.9000 | difference=6.8731 | category=formula discrepancy
TECHM | 2020 | calculated=5.0269 | source=11.9000 | difference=6.8731 | category=formula discrepancy
TECHM | 2021 | calculated=4.6136 | source=11.9000 | difference=7.2864 | category=formula discrepancy
TECHM | 2021 | calculated=4.6136 | source=11.9000 | difference=7.2864 | category=formula discrepancy
TECHM | 2022 | calculated=4.3418 | source=11.9000 | difference=7.5582 | category=formula discrepancy
TECHM | 2022 | calculated=4.3418 | source=11.9000 | difference=7.5582 | category=formula discrepancy
TECHM | 2023 | calculated=4.1775 | source=11.9000 | difference=7.7225 | category=formula discrepancy
TECHM | 2023 | calculated=4.1775 | source=11.9000 | difference=7.7225 | category=formula discrepancy
TECHM | 2024 | calculated=4.3861 | source=11.9000 | difference=7.5139 | category=formula discrepancy
TECHM | 2024 | calculated=4.3861 | source=11.9000 | difference=7.5139 | category=formula discrepancy
TITAN | 2013 | calculated=56.4975 | source=22.7000 | difference=33.7975 | category=version difference
TITAN | 2014 | calculated=33.4234 | source=22.7000 | difference=10.7234 | category=formula discrepancy
TITAN | 2015 | calculated=34.9560 | source=22.7000 | difference=12.2560 | category=formula discrepancy
TITAN | 2016 | calculated=30.7459 | source=22.7000 | difference=8.0459 | category=formula discrepancy
TITAN | 2018 | calculated=16.4135 | source=22.7000 | difference=6.2865 | category=formula discrepancy
TITAN | 2019 | calculated=13.1514 | source=22.7000 | difference=9.5486 | category=formula discrepancy
TITAN | 2020 | calculated=10.8787 | source=22.7000 | difference=11.8213 | category=formula discrepancy
TITAN | 2021 | calculated=8.4735 | source=22.7000 | difference=14.2265 | category=formula discrepancy
TITAN | 2022 | calculated=6.7137 | source=22.7000 | difference=15.9863 | category=formula discrepancy
TITAN | 2023 | calculated=5.2455 | source=22.7000 | difference=17.4545 | category=formula discrepancy
TITAN | 2024 | calculated=4.4661 | source=22.7000 | difference=18.2339 | category=formula discrepancy
TORNTPHARM | 2013 | calculated=33.0024 | source=23.2000 | difference=9.8024 | category=formula discrepancy
TORNTPHARM | 2015 | calculated=13.3435 | source=23.2000 | difference=9.8565 | category=formula discrepancy
TORNTPHARM | 2016 | calculated=11.9398 | source=23.2000 | difference=11.2602 | category=formula discrepancy
TORNTPHARM | 2017 | calculated=10.1734 | source=23.2000 | difference=13.0266 | category=formula discrepancy
TORNTPHARM | 2018 | calculated=6.2968 | source=23.2000 | difference=16.9032 | category=formula discrepancy
TORNTPHARM | 2019 | calculated=6.4852 | source=23.2000 | difference=16.7148 | category=formula discrepancy
TORNTPHARM | 2020 | calculated=6.5799 | source=23.2000 | difference=16.6201 | category=formula discrepancy
TORNTPHARM | 2021 | calculated=6.5161 | source=23.2000 | difference=16.6839 | category=formula discrepancy
TORNTPHARM | 2022 | calculated=6.9640 | source=23.2000 | difference=16.2360 | category=formula discrepancy
TORNTPHARM | 2023 | calculated=6.0344 | source=23.2000 | difference=17.1656 | category=formula discrepancy
TORNTPHARM | 2024 | calculated=6.4166 | source=23.2000 | difference=16.7834 | category=formula discrepancy
TRENT | 2013 | calculated=4.0025 | source=23.8000 | difference=19.7975 | category=formula discrepancy
TRENT | 2014 | calculated=4.7619 | source=23.8000 | difference=19.0381 | category=formula discrepancy
TRENT | 2015 | calculated=3.7300 | source=23.8000 | difference=20.0700 | category=formula discrepancy
TRENT | 2016 | calculated=3.3798 | source=23.8000 | difference=20.4202 | category=formula discrepancy
TRENT | 2017 | calculated=3.2491 | source=23.8000 | difference=20.5509 | category=formula discrepancy
TRENT | 2018 | calculated=3.1722 | source=23.8000 | difference=20.6278 | category=formula discrepancy
TRENT | 2019 | calculated=2.9439 | source=23.8000 | difference=20.8561 | category=formula discrepancy
TRENT | 2020 | calculated=2.3438 | source=23.8000 | difference=21.4563 | category=formula discrepancy
TRENT | 2021 | calculated=2.4110 | source=23.8000 | difference=21.3890 | category=formula discrepancy
TRENT | 2022 | calculated=0.8887 | source=23.8000 | difference=22.9113 | category=formula discrepancy
TRENT | 2023 | calculated=0.8924 | source=23.8000 | difference=22.9076 | category=formula discrepancy
TRENT | 2024 | calculated=1.0823 | source=23.8000 | difference=22.7177 | category=formula discrepancy

ROE SOURCE COMPARISON
------------------------------------------------------------------------------
Anomaly threshold: absolute difference > 5 percentage points
ROE anomalies found: 603

ABB | 2012 | calculated=22.4100 | source=34.9000 | difference=12.4900 | category=formula discrepancy
ABB | 2014 | calculated=25.1300 | source=34.9000 | difference=9.7700 | category=formula discrepancy
ABB | 2014 | calculated=25.1300 | source=34.9000 | difference=9.7700 | category=formula discrepancy
ABB | 2015 | calculated=24.4400 | source=34.9000 | difference=10.4600 | category=formula discrepancy
ABB | 2015 | calculated=24.4400 | source=34.9000 | difference=10.4600 | category=formula discrepancy
ABB | 2016 | calculated=21.3400 | source=34.9000 | difference=13.5600 | category=formula discrepancy
ABB | 2016 | calculated=21.3400 | source=34.9000 | difference=13.5600 | category=formula discrepancy
ABB | 2017 | calculated=19.9700 | source=34.9000 | difference=14.9300 | category=formula discrepancy
ABB | 2017 | calculated=19.9700 | source=34.9000 | difference=14.9300 | category=formula discrepancy
ABB | 2018 | calculated=23.6900 | source=34.9000 | difference=11.2100 | category=formula discrepancy
ABB | 2018 | calculated=23.6900 | source=34.9000 | difference=11.2100 | category=formula discrepancy
ABB | 2019 | calculated=22.4100 | source=34.9000 | difference=12.4900 | category=formula discrepancy
ABB | 2019 | calculated=22.4100 | source=34.9000 | difference=12.4900 | category=formula discrepancy
ABB | 2020 | calculated=24.3900 | source=34.9000 | difference=10.5100 | category=formula discrepancy
ABB | 2020 | calculated=24.3900 | source=34.9000 | difference=10.5100 | category=formula discrepancy
ABB | 2021 | calculated=26.5600 | source=34.9000 | difference=8.3400 | category=formula discrepancy
ABB | 2021 | calculated=26.5600 | source=34.9000 | difference=8.3400 | category=formula discrepancy
ABB | 2022 | calculated=28.3300 | source=34.9000 | difference=6.5700 | category=formula discrepancy
ABB | 2022 | calculated=28.3300 | source=34.9000 | difference=6.5700 | category=formula discrepancy
ABB | 2023 | calculated=29.7700 | source=34.9000 | difference=5.1300 | category=formula discrepancy
ABB | 2023 | calculated=29.7700 | source=34.9000 | difference=5.1300 | category=formula discrepancy
ADANIENSOL | 2014 | calculated=0.0000 | source=8.5900 | difference=8.5900 | category=formula discrepancy
ADANIENSOL | 2015 | calculated=-0.6500 | source=8.5900 | difference=9.2400 | category=formula discrepancy
ADANIENSOL | 2016 | calculated=13.7700 | source=8.5900 | difference=5.1800 | category=formula discrepancy
ADANIENSOL | 2017 | calculated=14.1200 | source=8.5900 | difference=5.5300 | category=formula discrepancy
ADANIENSOL | 2018 | calculated=18.8700 | source=8.5900 | difference=10.2800 | category=formula discrepancy
ADANIENSOL | 2021 | calculated=14.4600 | source=8.5900 | difference=5.8700 | category=formula discrepancy
ADANIENT | 2013 | calculated=5.6900 | source=13.6400 | difference=7.9500 | category=formula discrepancy
ADANIENT | 2016 | calculated=7.4700 | source=13.6400 | difference=6.1700 | category=formula discrepancy
ADANIENT | 2017 | calculated=6.5400 | source=13.6400 | difference=7.1000 | category=formula discrepancy
ADANIENT | 2018 | calculated=3.9400 | source=13.6400 | difference=9.7000 | category=formula discrepancy
ADANIENT | 2019 | calculated=3.4300 | source=13.6400 | difference=10.2100 | category=formula discrepancy
ADANIENT | 2020 | calculated=6.1400 | source=13.6400 | difference=7.5000 | category=formula discrepancy
ADANIENT | 2021 | calculated=6.1000 | source=13.6400 | difference=7.5400 | category=formula discrepancy
ADANIENT | 2022 | calculated=3.5400 | source=13.6400 | difference=10.1000 | category=formula discrepancy
ADANIENT | 2023 | calculated=7.3300 | source=13.6400 | difference=6.3100 | category=formula discrepancy
ADANIENT | 2024 | calculated=8.5300 | source=13.6400 | difference=5.1100 | category=formula discrepancy
ADANIGREEN | 2017 | calculated=-3.9100 | source=14.7000 | difference=18.6100 | category=formula discrepancy
ADANIGREEN | 2018 | calculated=-10.2900 | source=14.7000 | difference=24.9900 | category=formula discrepancy
ADANIGREEN | 2019 | calculated=-24.5700 | source=14.7000 | difference=39.2700 | category=version difference
ADANIGREEN | 2020 | calculated=-2.8900 | source=14.7000 | difference=17.5900 | category=formula discrepancy
ADANIGREEN | 2021 | calculated=8.2700 | source=14.7000 | difference=6.4300 | category=formula discrepancy
ADANIPORTS | 2013 | calculated=25.6300 | source=18.1000 | difference=7.5300 | category=formula discrepancy
ADANIPORTS | 2013 | calculated=25.6300 | source=18.1000 | difference=7.5300 | category=formula discrepancy
ADANIPORTS | 2022 | calculated=11.8400 | source=18.1000 | difference=6.2600 | category=formula discrepancy
ADANIPORTS | 2022 | calculated=11.8400 | source=18.1000 | difference=6.2600 | category=formula discrepancy
ADANIPORTS | 2023 | calculated=11.8800 | source=18.1000 | difference=6.2200 | category=formula discrepancy
ADANIPORTS | 2023 | calculated=11.8800 | source=18.1000 | difference=6.2200 | category=formula discrepancy
ADANIPOWER | 2013 | calculated=-53.4600 | source=57.1000 | difference=110.5600 | category=version difference
ADANIPOWER | 2014 | calculated=-4.4500 | source=57.1000 | difference=61.5500 | category=version difference
ADANIPOWER | 2015 | calculated=-14.2500 | source=57.1000 | difference=71.3500 | category=version difference
ADANIPOWER | 2016 | calculated=7.3800 | source=57.1000 | difference=49.7200 | category=version difference
ADANIPOWER | 2017 | calculated=-205.8000 | source=57.1000 | difference=262.9000 | category=version difference
ADANIPOWER | 2018 | calculated=-236.5600 | source=57.1000 | difference=293.6600 | category=version difference
ADANIPOWER | 2019 | calculated=-12.7600 | source=57.1000 | difference=69.8600 | category=version difference
ADANIPOWER | 2020 | calculated=-35.1000 | source=57.1000 | difference=92.2000 | category=version difference
ADANIPOWER | 2021 | calculated=9.6900 | source=57.1000 | difference=47.4100 | category=version difference
ADANIPOWER | 2022 | calculated=26.6100 | source=57.1000 | difference=30.4900 | category=version difference
ADANIPOWER | 2023 | calculated=35.9100 | source=57.1000 | difference=21.1900 | category=formula discrepancy
ADANIPOWER | 2024 | calculated=48.2800 | source=57.1000 | difference=8.8200 | category=formula discrepancy
AMBUJACEM | 2012 | calculated=14.6900 | source=9.2400 | difference=5.4500 | category=formula discrepancy
AMBUJACEM | 2014 | calculated=14.7700 | source=9.2400 | difference=5.5300 | category=formula discrepancy
AMBUJACEM | 2021 | calculated=14.6400 | source=9.2400 | difference=5.4000 | category=formula discrepancy
APOLLOHOSP | 2016 | calculated=7.0500 | source=13.8100 | difference=6.7600 | category=formula discrepancy
APOLLOHOSP | 2017 | calculated=3.9500 | source=13.8100 | difference=9.8600 | category=formula discrepancy
APOLLOHOSP | 2018 | calculated=1.8500 | source=13.8100 | difference=11.9600 | category=formula discrepancy
APOLLOHOSP | 2019 | calculated=6.0000 | source=13.8100 | difference=7.8100 | category=formula discrepancy
APOLLOHOSP | 2021 | calculated=2.9800 | source=13.8100 | difference=10.8300 | category=formula discrepancy
APOLLOHOSP | 2022 | calculated=19.7000 | source=13.8100 | difference=5.8900 | category=formula discrepancy
ASIANPAINT | 2018 | calculated=24.9500 | source=31.4500 | difference=6.5000 | category=formula discrepancy
ASIANPAINT | 2018 | calculated=24.9500 | source=31.4500 | difference=6.5000 | category=formula discrepancy
ASIANPAINT | 2019 | calculated=23.3100 | source=31.4500 | difference=8.1400 | category=formula discrepancy
ASIANPAINT | 2019 | calculated=23.3100 | source=31.4500 | difference=8.1400 | category=formula discrepancy
ASIANPAINT | 2021 | calculated=25.0400 | source=31.4500 | difference=6.4100 | category=formula discrepancy
ASIANPAINT | 2021 | calculated=25.0400 | source=31.4500 | difference=6.4100 | category=formula discrepancy
ASIANPAINT | 2022 | calculated=22.3400 | source=31.4500 | difference=9.1100 | category=formula discrepancy
ASIANPAINT | 2022 | calculated=22.3400 | source=31.4500 | difference=9.1100 | category=formula discrepancy
ASIANPAINT | 2023 | calculated=26.2300 | source=31.4500 | difference=5.2200 | category=formula discrepancy
ASIANPAINT | 2023 | calculated=26.2300 | source=31.4500 | difference=5.2200 | category=formula discrepancy
AXISBANK | 2017 | calculated=6.5300 | source=18.4000 | difference=11.8700 | category=formula discrepancy
AXISBANK | 2018 | calculated=0.4300 | source=18.4000 | difference=17.9700 | category=formula discrepancy
AXISBANK | 2019 | calculated=6.9000 | source=18.4000 | difference=11.5000 | category=formula discrepancy
AXISBANK | 2020 | calculated=1.8800 | source=18.4000 | difference=16.5200 | category=formula discrepancy
AXISBANK | 2021 | calculated=6.3600 | source=18.4000 | difference=12.0400 | category=formula discrepancy
AXISBANK | 2022 | calculated=11.0100 | source=18.4000 | difference=7.3900 | category=formula discrepancy
AXISBANK | 2023 | calculated=7.3800 | source=18.4000 | difference=11.0200 | category=formula discrepancy
BAJAJ-AUTO | 2013 | calculated=38.8500 | source=26.5000 | difference=12.3500 | category=formula discrepancy
BAJAJ-AUTO | 2013 | calculated=38.8500 | source=26.5000 | difference=12.3500 | category=formula discrepancy
BAJAJ-AUTO | 2014 | calculated=33.2400 | source=26.5000 | difference=6.7400 | category=formula discrepancy
BAJAJ-AUTO | 2014 | calculated=33.2400 | source=26.5000 | difference=6.7400 | category=formula discrepancy
BAJAJ-AUTO | 2018 | calculated=20.6600 | source=26.5000 | difference=5.8400 | category=formula discrepancy
BAJAJ-AUTO | 2018 | calculated=20.6600 | source=26.5000 | difference=5.8400 | category=formula discrepancy
BAJAJ-AUTO | 2019 | calculated=21.2100 | source=26.5000 | difference=5.2900 | category=formula discrepancy
BAJAJ-AUTO | 2019 | calculated=21.2100 | source=26.5000 | difference=5.2900 | category=formula discrepancy
BAJAJ-AUTO | 2021 | calculated=17.8100 | source=26.5000 | difference=8.6900 | category=formula discrepancy
BAJAJ-AUTO | 2021 | calculated=17.8100 | source=26.5000 | difference=8.6900 | category=formula discrepancy
BAJAJ-AUTO | 2022 | calculated=20.6500 | source=26.5000 | difference=5.8500 | category=formula discrepancy
BAJAJ-AUTO | 2022 | calculated=20.6500 | source=26.5000 | difference=5.8500 | category=formula discrepancy
BAJAJ-AUTO | 2023 | calculated=20.6400 | source=26.5000 | difference=5.8600 | category=formula discrepancy
BAJAJ-AUTO | 2023 | calculated=20.6400 | source=26.5000 | difference=5.8600 | category=formula discrepancy
BAJAJFINSV | 2013 | calculated=28.3800 | source=11.7200 | difference=16.6600 | category=formula discrepancy
BAJAJFINSV | 2014 | calculated=23.5300 | source=11.7200 | difference=11.8100 | category=formula discrepancy
BAJAJFINSV | 2015 | calculated=21.7200 | source=11.7200 | difference=10.0000 | category=formula discrepancy
BAJAJFINSV | 2016 | calculated=20.4100 | source=11.7200 | difference=8.6900 | category=formula discrepancy
BAJAJFINSV | 2017 | calculated=21.3600 | source=11.7200 | difference=9.6400 | category=formula discrepancy
BAJAJFINSV | 2018 | calculated=20.3900 | source=11.7200 | difference=8.6700 | category=formula discrepancy
BAJAJFINSV | 2019 | calculated=22.6400 | source=11.7200 | difference=10.9200 | category=formula discrepancy
BAJAJFINSV | 2020 | calculated=19.1500 | source=11.7200 | difference=7.4300 | category=formula discrepancy
BAJAJFINSV | 2021 | calculated=20.5600 | source=11.7200 | difference=8.8400 | category=formula discrepancy
BAJAJFINSV | 2022 | calculated=20.6600 | source=11.7200 | difference=8.9400 | category=formula discrepancy
BAJAJFINSV | 2023 | calculated=26.3100 | source=11.7200 | difference=14.5900 | category=formula discrepancy
BAJAJFINSV | 2024 | calculated=25.8500 | source=11.7200 | difference=14.1300 | category=formula discrepancy
BAJAJHLDNG | 2022 | calculated=9.6300 | source=14.8000 | difference=5.1700 | category=formula discrepancy
BAJFINANCE | 2018 | calculated=15.7500 | source=22.1000 | difference=6.3500 | category=formula discrepancy
BAJFINANCE | 2020 | calculated=16.2800 | source=22.1000 | difference=5.8200 | category=formula discrepancy
BAJFINANCE | 2021 | calculated=11.9700 | source=22.1000 | difference=10.1300 | category=formula discrepancy
BAJFINANCE | 2022 | calculated=16.0800 | source=22.1000 | difference=6.0200 | category=formula discrepancy
BANKBARODA | 2015 | calculated=9.4000 | source=16.7000 | difference=7.3000 | category=formula discrepancy
BANKBARODA | 2016 | calculated=-11.8400 | source=16.7000 | difference=28.5400 | category=version difference
BANKBARODA | 2017 | calculated=4.3100 | source=16.7000 | difference=12.3900 | category=formula discrepancy
BANKBARODA | 2018 | calculated=-3.9400 | source=16.7000 | difference=20.6400 | category=formula discrepancy
BANKBARODA | 2019 | calculated=2.1200 | source=16.7000 | difference=14.5800 | category=formula discrepancy
BANKBARODA | 2020 | calculated=1.2900 | source=16.7000 | difference=15.4100 | category=formula discrepancy
BANKBARODA | 2021 | calculated=1.9700 | source=16.7000 | difference=14.7300 | category=formula discrepancy
BANKBARODA | 2022 | calculated=8.6400 | source=16.7000 | difference=8.0600 | category=formula discrepancy
BEL | 2013 | calculated=15183.3300 | source=26.3000 | difference=15157.0300 | category=version difference
BEL | 2014 | calculated=13600.0000 | source=26.3000 | difference=13573.7000 | category=version difference
BEL | 2015 | calculated=17100.0000 | source=26.3000 | difference=17073.7000 | category=version difference
BEL | 2016 | calculated=11141.6700 | source=26.3000 | difference=11115.3700 | category=version difference
BEL | 2017 | calculated=10153.3300 | source=26.3000 | difference=10127.0300 | category=version difference
BEL | 2018 | calculated=4616.1300 | source=26.3000 | difference=4589.8300 | category=version difference
BEL | 2019 | calculated=3851.0200 | source=26.3000 | difference=3824.7200 | category=version difference
BEL | 2020 | calculated=3318.1800 | source=26.3000 | difference=3291.8800 | category=version difference
BEL | 2021 | calculated=3559.3200 | source=26.3000 | difference=3533.0200 | category=version difference
BEL | 2022 | calculated=3478.2600 | source=26.3000 | difference=3451.9600 | category=version difference
BEL | 2023 | calculated=3981.3300 | source=26.3000 | difference=3955.0300 | category=version difference
BEL | 2024 | calculated=4744.0500 | source=26.3000 | difference=4717.7500 | category=version difference
BHARTIARTL | 2013 | calculated=4.5000 | source=14.9000 | difference=10.4000 | category=formula discrepancy
BHARTIARTL | 2014 | calculated=5.0500 | source=14.9000 | difference=9.8500 | category=formula discrepancy
BHARTIARTL | 2017 | calculated=6.2900 | source=14.9000 | difference=8.6100 | category=formula discrepancy
BHARTIARTL | 2018 | calculated=3.1400 | source=14.9000 | difference=11.7600 | category=formula discrepancy
BHARTIARTL | 2019 | calculated=2.3600 | source=14.9000 | difference=12.5400 | category=formula discrepancy
BHARTIARTL | 2020 | calculated=-39.7500 | source=14.9000 | difference=54.6500 | category=version difference
BHARTIARTL | 2021 | calculated=-20.9700 | source=14.9000 | difference=35.8700 | category=version difference
BHEL | 2013 | calculated=21.9100 | source=1.0500 | difference=20.8600 | category=formula discrepancy
BHEL | 2014 | calculated=10.5600 | source=1.0500 | difference=9.5100 | category=formula discrepancy
BHEL | 2020 | calculated=-5.1200 | source=1.0500 | difference=6.1700 | category=formula discrepancy
BHEL | 2021 | calculated=-10.3900 | source=1.0500 | difference=11.4400 | category=formula discrepancy
BOSCHLTD | 2020 | calculated=7.0100 | source=16.0000 | difference=8.9900 | category=formula discrepancy
BOSCHLTD | 2021 | calculated=4.9100 | source=16.0000 | difference=11.0900 | category=formula discrepancy
BPCL | 2013 | calculated=11.5400 | source=41.9000 | difference=30.3600 | category=version difference
BPCL | 2014 | calculated=20.8500 | source=41.9000 | difference=21.0500 | category=formula discrepancy
BPCL | 2015 | calculated=22.5200 | source=41.9000 | difference=19.3800 | category=formula discrepancy
BPCL | 2016 | calculated=29.1000 | source=41.9000 | difference=12.8000 | category=formula discrepancy
BPCL | 2017 | calculated=30.8500 | source=41.9000 | difference=11.0500 | category=formula discrepancy
BPCL | 2018 | calculated=26.7400 | source=41.9000 | difference=15.1600 | category=formula discrepancy
BPCL | 2019 | calculated=22.0000 | source=41.9000 | difference=19.9000 | category=formula discrepancy
BPCL | 2020 | calculated=10.0400 | source=41.9000 | difference=31.8600 | category=version difference
BPCL | 2021 | calculated=32.3400 | source=41.9000 | difference=9.5600 | category=formula discrepancy
BPCL | 2022 | calculated=22.5100 | source=41.9000 | difference=19.3900 | category=formula discrepancy
BPCL | 2023 | calculated=3.9800 | source=41.9000 | difference=37.9200 | category=version difference
BPCL | 2024 | calculated=35.5100 | source=41.9000 | difference=6.3900 | category=formula discrepancy
BRITANNIA | 2013 | calculated=46.5900 | source=57.1000 | difference=10.5100 | category=formula discrepancy
BRITANNIA | 2014 | calculated=49.5000 | source=57.1000 | difference=7.6000 | category=formula discrepancy
BRITANNIA | 2016 | calculated=39.4400 | source=57.1000 | difference=17.6600 | category=formula discrepancy
BRITANNIA | 2017 | calculated=32.8300 | source=57.1000 | difference=24.2700 | category=formula discrepancy
BRITANNIA | 2018 | calculated=29.4800 | source=57.1000 | difference=27.6200 | category=version difference
BRITANNIA | 2019 | calculated=27.1600 | source=57.1000 | difference=29.9400 | category=version difference
BRITANNIA | 2020 | calculated=31.6600 | source=57.1000 | difference=25.4400 | category=version difference
BRITANNIA | 2023 | calculated=65.5300 | source=57.1000 | difference=8.4300 | category=formula discrepancy
CANBK | 2013 | calculated=11.9000 | source=17.9000 | difference=6.0000 | category=formula discrepancy
CANBK | 2014 | calculated=8.8500 | source=17.9000 | difference=9.0500 | category=formula discrepancy
CANBK | 2015 | calculated=9.0200 | source=17.9000 | difference=8.8800 | category=formula discrepancy
CANBK | 2016 | calculated=-7.8200 | source=17.9000 | difference=25.7200 | category=version difference
CANBK | 2017 | calculated=4.0700 | source=17.9000 | difference=13.8300 | category=formula discrepancy
CANBK | 2018 | calculated=-10.5000 | source=17.9000 | difference=28.4000 | category=version difference
CANBK | 2019 | calculated=1.8500 | source=17.9000 | difference=16.0500 | category=formula discrepancy
CANBK | 2020 | calculated=-4.6600 | source=17.9000 | difference=22.5600 | category=formula discrepancy
CANBK | 2021 | calculated=4.7400 | source=17.9000 | difference=13.1600 | category=formula discrepancy
CANBK | 2022 | calculated=8.8000 | source=17.9000 | difference=9.1000 | category=formula discrepancy
CHOLAFIN | 2020 | calculated=12.8500 | source=20.2000 | difference=7.3500 | category=formula discrepancy
CIPLA | 2015 | calculated=11.3800 | source=16.8000 | difference=5.4200 | category=formula discrepancy
CIPLA | 2017 | calculated=8.2500 | source=16.8000 | difference=8.5500 | category=formula discrepancy
CIPLA | 2018 | calculated=9.9600 | source=16.8000 | difference=6.8400 | category=formula discrepancy
CIPLA | 2019 | calculated=9.9400 | source=16.8000 | difference=6.8600 | category=formula discrepancy
CIPLA | 2020 | calculated=9.5200 | source=16.8000 | difference=7.2800 | category=formula discrepancy
COALINDIA | 2013 | calculated=35.8100 | source=52.0000 | difference=16.1900 | category=formula discrepancy
COALINDIA | 2014 | calculated=35.6400 | source=52.0000 | difference=16.3600 | category=formula discrepancy
COALINDIA | 2015 | calculated=34.0200 | source=52.0000 | difference=17.9800 | category=formula discrepancy
COALINDIA | 2016 | calculated=40.9600 | source=52.0000 | difference=11.0400 | category=formula discrepancy
COALINDIA | 2017 | calculated=37.8500 | source=52.0000 | difference=14.1500 | category=formula discrepancy
COALINDIA | 2018 | calculated=34.8800 | source=52.0000 | difference=17.1200 | category=formula discrepancy
COALINDIA | 2019 | calculated=66.0100 | source=52.0000 | difference=14.0100 | category=formula discrepancy
COALINDIA | 2021 | calculated=34.7800 | source=52.0000 | difference=17.2200 | category=formula discrepancy
COALINDIA | 2022 | calculated=40.2800 | source=52.0000 | difference=11.7200 | category=formula discrepancy
COALINDIA | 2024 | calculated=45.1700 | source=52.0000 | difference=6.8300 | category=formula discrepancy
DABUR | 2013 | calculated=36.5600 | source=19.2000 | difference=17.3600 | category=formula discrepancy
DABUR | 2014 | calculated=34.4900 | source=19.2000 | difference=15.2900 | category=formula discrepancy
DABUR | 2015 | calculated=31.8400 | source=19.2000 | difference=12.6400 | category=formula discrepancy
DABUR | 2016 | calculated=30.0600 | source=19.2000 | difference=10.8600 | category=formula discrepancy
DABUR | 2017 | calculated=26.4100 | source=19.2000 | difference=7.2100 | category=formula discrepancy
DABUR | 2019 | calculated=25.6700 | source=19.2000 | difference=6.4700 | category=formula discrepancy
DIVISLAB | 2013 | calculated=24.0700 | source=12.2000 | difference=11.8700 | category=formula discrepancy
DIVISLAB | 2014 | calculated=26.0800 | source=12.2000 | difference=13.8800 | category=formula discrepancy
DIVISLAB | 2015 | calculated=24.3700 | source=12.2000 | difference=12.1700 | category=formula discrepancy
DIVISLAB | 2016 | calculated=26.2300 | source=12.2000 | difference=14.0300 | category=formula discrepancy
DIVISLAB | 2017 | calculated=19.7900 | source=12.2000 | difference=7.5900 | category=formula discrepancy
DIVISLAB | 2019 | calculated=19.4500 | source=12.2000 | difference=7.2500 | category=formula discrepancy
DIVISLAB | 2020 | calculated=18.8400 | source=12.2000 | difference=6.6400 | category=formula discrepancy
DIVISLAB | 2021 | calculated=21.3400 | source=12.2000 | difference=9.1400 | category=formula discrepancy
DIVISLAB | 2022 | calculated=25.2400 | source=12.2000 | difference=13.0400 | category=formula discrepancy
DLF | 2015 | calculated=1.8500 | source=6.9500 | difference=5.1000 | category=formula discrepancy
DLF | 2016 | calculated=1.2700 | source=6.9500 | difference=5.6800 | category=formula discrepancy
DLF | 2018 | calculated=12.6800 | source=6.9500 | difference=5.7300 | category=formula discrepancy
DLF | 2020 | calculated=-1.7100 | source=6.9500 | difference=8.6600 | category=formula discrepancy
DMART | 2016 | calculated=21.0400 | source=14.5000 | difference=6.5400 | category=formula discrepancy
DMART | 2021 | calculated=9.0200 | source=14.5000 | difference=5.4800 | category=formula discrepancy
DRREDDY | 2017 | calculated=10.5400 | source=21.4000 | difference=10.8600 | category=formula discrepancy
DRREDDY | 2018 | calculated=7.5300 | source=21.4000 | difference=13.8700 | category=formula discrepancy
DRREDDY | 2019 | calculated=13.9000 | source=21.4000 | difference=7.5000 | category=formula discrepancy
DRREDDY | 2020 | calculated=12.9900 | source=21.4000 | difference=8.4100 | category=formula discrepancy
DRREDDY | 2021 | calculated=11.0700 | source=21.4000 | difference=10.3300 | category=formula discrepancy
DRREDDY | 2022 | calculated=11.3600 | source=21.4000 | difference=10.0400 | category=formula discrepancy
EICHERMOT | 2016 | calculated=36.6300 | source=24.2000 | difference=12.4300 | category=formula discrepancy
EICHERMOT | 2017 | calculated=31.1900 | source=24.2000 | difference=6.9900 | category=formula discrepancy
EICHERMOT | 2020 | calculated=18.3000 | source=24.2000 | difference=5.9000 | category=formula discrepancy
EICHERMOT | 2021 | calculated=11.7800 | source=24.2000 | difference=12.4200 | category=formula discrepancy
EICHERMOT | 2022 | calculated=13.3000 | source=24.2000 | difference=10.9000 | category=formula discrepancy
GAIL | 2016 | calculated=5.1500 | source=14.0000 | difference=8.8500 | category=formula discrepancy
GAIL | 2017 | calculated=8.5800 | source=14.0000 | difference=5.4200 | category=formula discrepancy
GAIL | 2020 | calculated=19.3100 | source=14.0000 | difference=5.3100 | category=formula discrepancy
GAIL | 2022 | calculated=19.1900 | source=14.0000 | difference=5.1900 | category=formula discrepancy
GAIL | 2023 | calculated=8.6200 | source=14.0000 | difference=5.3800 | category=formula discrepancy
GODREJCP | 2013 | calculated=25.5100 | source=6.7700 | difference=18.7400 | category=formula discrepancy
GODREJCP | 2014 | calculated=21.7000 | source=6.7700 | difference=14.9300 | category=formula discrepancy
GODREJCP | 2015 | calculated=22.6400 | source=6.7700 | difference=15.8700 | category=formula discrepancy
GODREJCP | 2016 | calculated=19.4800 | source=6.7700 | difference=12.7100 | category=formula discrepancy
GODREJCP | 2017 | calculated=24.6700 | source=6.7700 | difference=17.9000 | category=formula discrepancy
GODREJCP | 2018 | calculated=26.1100 | source=6.7700 | difference=19.3400 | category=formula discrepancy
GODREJCP | 2019 | calculated=32.2300 | source=6.7700 | difference=25.4600 | category=version difference
GODREJCP | 2020 | calculated=18.9500 | source=6.7700 | difference=12.1800 | category=formula discrepancy
GODREJCP | 2021 | calculated=18.2300 | source=6.7700 | difference=11.4600 | category=formula discrepancy
GODREJCP | 2022 | calculated=15.4300 | source=6.7700 | difference=8.6600 | category=formula discrepancy
GODREJCP | 2023 | calculated=12.3400 | source=6.7700 | difference=5.5700 | category=formula discrepancy
GODREJCP | 2024 | calculated=-4.4500 | source=6.7700 | difference=11.2200 | category=formula discrepancy
GRASIM | 2013 | calculated=19.2200 | source=6.9000 | difference=12.3200 | category=formula discrepancy
GRASIM | 2014 | calculated=13.6700 | source=6.9000 | difference=6.7700 | category=formula discrepancy
GRASIM | 2016 | calculated=12.6000 | source=6.9000 | difference=5.7000 | category=formula discrepancy
GRASIM | 2017 | calculated=13.5300 | source=6.9000 | difference=6.6300 | category=formula discrepancy
GRASIM | 2022 | calculated=14.8000 | source=6.9000 | difference=7.9000 | category=formula discrepancy
GRASIM | 2023 | calculated=14.0700 | source=6.9000 | difference=7.1700 | category=formula discrepancy
HAL | 2017 | calculated=1966.9200 | source=28.9000 | difference=1938.0200 | category=version difference
HAL | 2018 | calculated=1528.4600 | source=28.9000 | difference=1499.5600 | category=version difference
HAL | 2019 | calculated=1763.9100 | source=28.9000 | difference=1735.0100 | category=version difference
HAL | 2020 | calculated=2059.4200 | source=28.9000 | difference=2030.5200 | category=version difference
HAL | 2021 | calculated=2249.3100 | source=28.9000 | difference=2220.4100 | category=version difference
HAL | 2022 | calculated=3324.1800 | source=28.9000 | difference=3295.2800 | category=version difference
HAL | 2023 | calculated=3283.0500 | source=28.9000 | difference=3254.1500 | category=version difference
HAL | 2024 | calculated=3816.5800 | source=28.9000 | difference=3787.6800 | category=version difference
HAVELLS | 2013 | calculated=40.2900 | source=18.0000 | difference=22.2900 | category=formula discrepancy
HAVELLS | 2014 | calculated=26.7700 | source=18.0000 | difference=8.7700 | category=formula discrepancy
HAVELLS | 2016 | calculated=42.9500 | source=18.0000 | difference=24.9500 | category=formula discrepancy
HCLTECH | 2013 | calculated=30.6900 | source=23.3000 | difference=7.3900 | category=formula discrepancy
HCLTECH | 2014 | calculated=33.3900 | source=23.3000 | difference=10.0900 | category=formula discrepancy
HCLTECH | 2015 | calculated=30.3100 | source=23.3000 | difference=7.0100 | category=formula discrepancy
HDFCLIFE | 2013 | calculated=33.4300 | source=11.4000 | difference=22.0300 | category=formula discrepancy
HDFCLIFE | 2014 | calculated=37.6000 | source=11.4000 | difference=26.2000 | category=version difference
HDFCLIFE | 2015 | calculated=30.9300 | source=11.4000 | difference=19.5300 | category=formula discrepancy
HDFCLIFE | 2016 | calculated=26.3300 | source=11.4000 | difference=14.9300 | category=formula discrepancy
HDFCLIFE | 2017 | calculated=23.1800 | source=11.4000 | difference=11.7800 | category=formula discrepancy
HDFCLIFE | 2018 | calculated=23.5300 | source=11.4000 | difference=12.1300 | category=formula discrepancy
HDFCLIFE | 2019 | calculated=22.6500 | source=11.4000 | difference=11.2500 | category=formula discrepancy
HDFCLIFE | 2020 | calculated=19.0500 | source=11.4000 | difference=7.6500 | category=formula discrepancy
HEROMOTOCO | 2014 | calculated=37.3800 | source=22.0000 | difference=15.3800 | category=formula discrepancy
HEROMOTOCO | 2015 | calculated=36.1500 | source=22.0000 | difference=14.1500 | category=formula discrepancy
HEROMOTOCO | 2016 | calculated=35.2300 | source=22.0000 | difference=13.2300 | category=formula discrepancy
HEROMOTOCO | 2017 | calculated=34.3700 | source=22.0000 | difference=12.3700 | category=formula discrepancy
HEROMOTOCO | 2018 | calculated=31.0900 | source=22.0000 | difference=9.0900 | category=formula discrepancy
HEROMOTOCO | 2022 | calculated=14.7000 | source=22.0000 | difference=7.3000 | category=formula discrepancy
HEROMOTOCO | 2023 | calculated=16.8100 | source=22.0000 | difference=5.1900 | category=formula discrepancy
HINDALCO | 2015 | calculated=0.6800 | source=10.2000 | difference=9.5200 | category=formula discrepancy
HINDALCO | 2016 | calculated=-1.7300 | source=10.2000 | difference=11.9300 | category=formula discrepancy
HINDALCO | 2017 | calculated=4.0900 | source=10.2000 | difference=6.1100 | category=formula discrepancy
HINDALCO | 2022 | calculated=17.5600 | source=10.2000 | difference=7.3600 | category=formula discrepancy
HINDUNILVR | 2013 | calculated=134.0000 | source=20.2000 | difference=113.8000 | category=version difference
HINDUNILVR | 2014 | calculated=111.8500 | source=20.2000 | difference=91.6500 | category=version difference
HINDUNILVR | 2015 | calculated=108.6700 | source=20.2000 | difference=88.4700 | category=version difference
HINDUNILVR | 2016 | calculated=63.1500 | source=20.2000 | difference=42.9500 | category=version difference
HINDUNILVR | 2017 | calculated=66.5800 | source=20.2000 | difference=46.3800 | category=version difference
HINDUNILVR | 2018 | calculated=71.7900 | source=20.2000 | difference=51.5900 | category=version difference
HINDUNILVR | 2019 | calculated=77.0300 | source=20.2000 | difference=56.8300 | category=version difference
HINDUNILVR | 2020 | calculated=82.1000 | source=20.2000 | difference=61.9000 | category=version difference
ICICIBANK | 2016 | calculated=11.6100 | source=18.8000 | difference=7.1900 | category=formula discrepancy
ICICIBANK | 2017 | calculated=10.8400 | source=18.8000 | difference=7.9600 | category=formula discrepancy
ICICIBANK | 2018 | calculated=8.2300 | source=18.8000 | difference=10.5700 | category=formula discrepancy
ICICIBANK | 2019 | calculated=4.9800 | source=18.8000 | difference=13.8200 | category=formula discrepancy
ICICIBANK | 2020 | calculated=9.1300 | source=18.8000 | difference=9.6700 | category=formula discrepancy
ICICIBANK | 2021 | calculated=12.9200 | source=18.8000 | difference=5.8800 | category=formula discrepancy
ICICIPRULI | 2013 | calculated=38.2500 | source=8.0700 | difference=30.1800 | category=version difference
ICICIPRULI | 2014 | calculated=35.6100 | source=8.0700 | difference=27.5400 | category=version difference
ICICIPRULI | 2015 | calculated=31.1500 | source=8.0700 | difference=23.0800 | category=formula discrepancy
ICICIPRULI | 2016 | calculated=31.0000 | source=8.0700 | difference=22.9300 | category=formula discrepancy
ICICIPRULI | 2017 | calculated=26.2600 | source=8.0700 | difference=18.1900 | category=formula discrepancy
ICICIPRULI | 2018 | calculated=24.6300 | source=8.0700 | difference=16.5600 | category=formula discrepancy
ICICIPRULI | 2019 | calculated=16.5800 | source=8.0700 | difference=8.5100 | category=formula discrepancy
ICICIPRULI | 2020 | calculated=14.7900 | source=8.0700 | difference=6.7200 | category=formula discrepancy
INDUSINDBK | 2021 | calculated=6.5400 | source=15.2000 | difference=8.6600 | category=formula discrepancy
INDUSINDBK | 2022 | calculated=9.6700 | source=15.2000 | difference=5.5300 | category=formula discrepancy
INFY | 2013 | calculated=24.8200 | source=31.8000 | difference=6.9800 | category=formula discrepancy
INFY | 2014 | calculated=23.9300 | source=31.8000 | difference=7.8700 | category=formula discrepancy
INFY | 2015 | calculated=24.3900 | source=31.8000 | difference=7.4100 | category=formula discrepancy
INFY | 2016 | calculated=21.8500 | source=31.8000 | difference=9.9500 | category=formula discrepancy
INFY | 2017 | calculated=20.8100 | source=31.8000 | difference=10.9900 | category=formula discrepancy
INFY | 2018 | calculated=24.6900 | source=31.8000 | difference=7.1100 | category=formula discrepancy
INFY | 2019 | calculated=23.7300 | source=31.8000 | difference=8.0700 | category=formula discrepancy
INFY | 2020 | calculated=25.4200 | source=31.8000 | difference=6.3800 | category=formula discrepancy
INFY | 2021 | calculated=25.4400 | source=31.8000 | difference=6.3600 | category=formula discrepancy
IOC | 2013 | calculated=5.7500 | source=25.4400 | difference=19.6900 | category=formula discrepancy
IOC | 2014 | calculated=10.2600 | source=25.4400 | difference=15.1800 | category=formula discrepancy
IOC | 2015 | calculated=7.0800 | source=25.4400 | difference=18.3600 | category=formula discrepancy
IOC | 2016 | calculated=13.8000 | source=25.4400 | difference=11.6400 | category=formula discrepancy
IOC | 2017 | calculated=19.9700 | source=25.4400 | difference=5.4700 | category=formula discrepancy
IOC | 2018 | calculated=19.8700 | source=25.4400 | difference=5.5700 | category=formula discrepancy
IOC | 2019 | calculated=15.3600 | source=25.4400 | difference=10.0800 | category=formula discrepancy
IOC | 2020 | calculated=-1.9700 | source=25.4400 | difference=27.4100 | category=version difference
IOC | 2021 | calculated=19.4600 | source=25.4400 | difference=5.9800 | category=formula discrepancy
IOC | 2022 | calculated=19.2700 | source=25.4400 | difference=6.1700 | category=formula discrepancy
IOC | 2023 | calculated=8.3800 | source=25.4400 | difference=17.0600 | category=formula discrepancy
IRCTC | 2015 | calculated=29.5000 | source=40.4000 | difference=10.9000 | category=formula discrepancy
IRCTC | 2016 | calculated=34.8700 | source=40.4000 | difference=5.5300 | category=formula discrepancy
IRCTC | 2017 | calculated=29.1000 | source=40.4000 | difference=11.3000 | category=formula discrepancy
IRCTC | 2018 | calculated=23.1400 | source=40.4000 | difference=17.2600 | category=formula discrepancy
IRCTC | 2019 | calculated=28.8500 | source=40.4000 | difference=11.5500 | category=formula discrepancy
IRCTC | 2021 | calculated=12.8400 | source=40.4000 | difference=27.5600 | category=version difference
IRCTC | 2022 | calculated=35.2900 | source=40.4000 | difference=5.1100 | category=formula discrepancy
IRCTC | 2024 | calculated=34.4000 | source=40.4000 | difference=6.0000 | category=formula discrepancy
IRFC | 2016 | calculated=7.3700 | source=13.7000 | difference=6.3300 | category=formula discrepancy
IRFC | 2017 | calculated=7.7800 | source=13.7000 | difference=5.9200 | category=formula discrepancy
ITC | 2016 | calculated=22.2600 | source=29.4700 | difference=7.2100 | category=formula discrepancy
ITC | 2017 | calculated=22.5700 | source=29.4700 | difference=6.9000 | category=formula discrepancy
ITC | 2018 | calculated=21.8900 | source=29.4700 | difference=7.5800 | category=formula discrepancy
ITC | 2019 | calculated=21.7000 | source=29.4700 | difference=7.7700 | category=formula discrepancy
ITC | 2020 | calculated=23.8900 | source=29.4700 | difference=5.5800 | category=formula discrepancy
ITC | 2021 | calculated=22.1800 | source=29.4700 | difference=7.2900 | category=formula discrepancy
JINDALSTEL | 2014 | calculated=8.3900 | source=14.1000 | difference=5.7100 | category=formula discrepancy
JINDALSTEL | 2015 | calculated=-6.9000 | source=14.1000 | difference=21.0000 | category=formula discrepancy
JINDALSTEL | 2016 | calculated=-9.5200 | source=14.1000 | difference=23.6200 | category=formula discrepancy
JINDALSTEL | 2017 | calculated=-8.4500 | source=14.1000 | difference=22.5500 | category=formula discrepancy
JINDALSTEL | 2018 | calculated=-5.3200 | source=14.1000 | difference=19.4200 | category=formula discrepancy
JINDALSTEL | 2019 | calculated=-7.5200 | source=14.1000 | difference=21.6200 | category=formula discrepancy
JINDALSTEL | 2020 | calculated=-1.2400 | source=14.1000 | difference=15.3400 | category=formula discrepancy
JSWENERGY | 2013 | calculated=14.5200 | source=8.4000 | difference=6.1200 | category=formula discrepancy
JSWENERGY | 2015 | calculated=18.0600 | source=8.4000 | difference=9.6600 | category=formula discrepancy
JSWENERGY | 2016 | calculated=15.0500 | source=8.4000 | difference=6.6500 | category=formula discrepancy
JSWENERGY | 2018 | calculated=0.7700 | source=8.4000 | difference=7.6300 | category=formula discrepancy
JSWSTEEL | 2013 | calculated=5.4400 | source=11.6600 | difference=6.2200 | category=formula discrepancy
JSWSTEEL | 2014 | calculated=1.9000 | source=11.6600 | difference=9.7600 | category=formula discrepancy
JSWSTEEL | 2016 | calculated=-2.5400 | source=11.6600 | difference=14.2000 | category=formula discrepancy
JSWSTEEL | 2018 | calculated=21.8300 | source=11.6600 | difference=10.1700 | category=formula discrepancy
JSWSTEEL | 2019 | calculated=21.6200 | source=11.6600 | difference=9.9600 | category=formula discrepancy
JSWSTEEL | 2021 | calculated=16.8400 | source=11.6600 | difference=5.1800 | category=formula discrepancy
JSWSTEEL | 2022 | calculated=31.1100 | source=11.6600 | difference=19.4500 | category=formula discrepancy
JSWSTEEL | 2023 | calculated=6.3000 | source=11.6600 | difference=5.3600 | category=formula discrepancy
LICI | 2019 | calculated=324.3200 | source=63.6100 | difference=260.7100 | category=version difference
LICI | 2020 | calculated=270.4600 | source=63.6100 | difference=206.8500 | category=version difference
LICI | 2021 | calculated=43.2000 | source=63.6100 | difference=20.4100 | category=formula discrepancy
LICI | 2022 | calculated=36.3800 | source=63.6100 | difference=27.2300 | category=version difference
LICI | 2023 | calculated=77.8600 | source=63.6100 | difference=14.2500 | category=formula discrepancy
LICI | 2024 | calculated=49.4500 | source=63.6100 | difference=14.1600 | category=formula discrepancy
LODHA | 2016 | calculated=17.6900 | source=10.7000 | difference=6.9900 | category=formula discrepancy
LODHA | 2019 | calculated=42.8000 | source=10.7000 | difference=32.1000 | category=version difference
LODHA | 2020 | calculated=16.3000 | source=10.7000 | difference=5.6000 | category=formula discrepancy
LODHA | 2021 | calculated=1.0400 | source=10.7000 | difference=9.6600 | category=formula discrepancy
LODHA | 2023 | calculated=3.8700 | source=10.7000 | difference=6.8300 | category=formula discrepancy
LT | 2013 | calculated=395.1500 | source=10.4900 | difference=384.6600 | category=version difference
LT | 2014 | calculated=303.4200 | source=10.4900 | difference=292.9300 | category=version difference
LT | 2015 | calculated=245.1100 | source=10.4900 | difference=234.6200 | category=version difference
LT | 2016 | calculated=216.0900 | source=10.4900 | difference=205.6000 | category=version difference
LT | 2017 | calculated=206.3000 | source=10.4900 | difference=195.8100 | category=version difference
LT | 2018 | calculated=207.3600 | source=10.4900 | difference=196.8700 | category=version difference
LT | 2019 | calculated=208.8100 | source=10.4900 | difference=198.3200 | category=version difference
LT | 2020 | calculated=201.5900 | source=10.4900 | difference=191.1000 | category=version difference
LT | 2021 | calculated=176.9000 | source=10.4900 | difference=166.4100 | category=version difference
LT | 2022 | calculated=72.9200 | source=10.4900 | difference=62.4300 | category=version difference
LT | 2023 | calculated=75.5200 | source=10.4900 | difference=65.0300 | category=version difference
LT | 2024 | calculated=77.6700 | source=10.4900 | difference=67.1800 | category=version difference
LTIM | 2013 | calculated=41.9700 | source=26.0400 | difference=15.9300 | category=formula discrepancy
LTIM | 2014 | calculated=61.8600 | source=26.0400 | difference=35.8200 | category=version difference
LTIM | 2015 | calculated=37.9600 | source=26.0400 | difference=11.9200 | category=formula discrepancy
LTIM | 2016 | calculated=39.3400 | source=26.0400 | difference=13.3000 | category=formula discrepancy
MARUTI | 2021 | calculated=8.3600 | source=15.7500 | difference=7.3900 | category=formula discrepancy
MARUTI | 2022 | calculated=7.0100 | source=15.7500 | difference=8.7400 | category=formula discrepancy
MOTHERSON | 2013 | calculated=19.7500 | source=11.8000 | difference=7.9500 | category=formula discrepancy
MOTHERSON | 2014 | calculated=37.0700 | source=11.8000 | difference=25.2700 | category=version difference
MOTHERSON | 2015 | calculated=38.8700 | source=11.8000 | difference=27.0700 | category=version difference
MOTHERSON | 2016 | calculated=40.3500 | source=11.8000 | difference=28.5500 | category=version difference
MOTHERSON | 2017 | calculated=26.2600 | source=11.8000 | difference=14.4600 | category=formula discrepancy
MOTHERSON | 2018 | calculated=22.8700 | source=11.8000 | difference=11.0700 | category=formula discrepancy
MOTHERSON | 2019 | calculated=19.1400 | source=11.8000 | difference=7.3400 | category=formula discrepancy
MOTHERSON | 2022 | calculated=5.7400 | source=11.8000 | difference=6.0600 | category=formula discrepancy
NAUKRI | 2013 | calculated=12.5000 | source=2.4400 | difference=10.0600 | category=formula discrepancy
NAUKRI | 2014 | calculated=8.9300 | source=2.4400 | difference=6.4900 | category=formula discrepancy
NAUKRI | 2016 | calculated=7.6500 | source=2.4400 | difference=5.2100 | category=formula discrepancy
NAUKRI | 2017 | calculated=-2.7000 | source=2.4400 | difference=5.1400 | category=formula discrepancy
NAUKRI | 2018 | calculated=24.5000 | source=2.4400 | difference=22.0600 | category=formula discrepancy
NAUKRI | 2019 | calculated=23.2800 | source=2.4400 | difference=20.8400 | category=formula discrepancy
NAUKRI | 2020 | calculated=-11.2100 | source=2.4400 | difference=13.6500 | category=formula discrepancy
NAUKRI | 2021 | calculated=26.2800 | source=2.4400 | difference=23.8400 | category=formula discrepancy
NAUKRI | 2022 | calculated=74.7100 | source=2.4400 | difference=72.2700 | category=version difference
NESTLEIND | 2013 | calculated=47.1700 | source=135.6100 | difference=88.4400 | category=version difference
NESTLEIND | 2014 | calculated=41.7700 | source=135.6100 | difference=93.8400 | category=version difference
NESTLEIND | 2015 | calculated=19.9900 | source=135.6100 | difference=115.6200 | category=version difference
NESTLEIND | 2016 | calculated=30.5000 | source=135.6100 | difference=105.1100 | category=version difference
NESTLEIND | 2017 | calculated=35.8200 | source=135.6100 | difference=99.7900 | category=version difference
NESTLEIND | 2018 | calculated=43.7500 | source=135.6100 | difference=91.8600 | category=version difference
NESTLEIND | 2019 | calculated=102.6100 | source=135.6100 | difference=33.0000 | category=version difference
NESTLEIND | 2020 | calculated=103.1200 | source=135.6100 | difference=32.4900 | category=version difference
NESTLEIND | 2021 | calculated=108.8400 | source=135.6100 | difference=26.7700 | category=version difference
NESTLEIND | 2022 | calculated=97.2300 | source=135.6100 | difference=38.3800 | category=version difference
NESTLEIND | 2023 | calculated=121.9600 | source=135.6100 | difference=13.6500 | category=formula discrepancy
NESTLEIND | 2024 | calculated=117.7500 | source=135.6100 | difference=17.8600 | category=formula discrepancy
ONGC | 2016 | calculated=6.6200 | source=14.3200 | difference=7.7000 | category=formula discrepancy
ONGC | 2020 | calculated=5.5900 | source=14.3200 | difference=8.7300 | category=formula discrepancy
PFC | 2017 | calculated=6.0700 | source=19.4900 | difference=13.4200 | category=formula discrepancy
PFC | 2019 | calculated=26.8200 | source=19.4900 | difference=7.3300 | category=formula discrepancy
PFC | 2021 | calculated=25.8600 | source=19.4900 | difference=6.3700 | category=formula discrepancy
PFC | 2022 | calculated=26.1800 | source=19.4900 | difference=6.6900 | category=formula discrepancy
PFC | 2023 | calculated=25.1700 | source=19.4900 | difference=5.6800 | category=formula discrepancy
PFC | 2024 | calculated=26.1600 | source=19.4900 | difference=6.6700 | category=formula discrepancy
PIDILITIND | 2016 | calculated=30.5900 | source=22.8000 | difference=7.7900 | category=formula discrepancy
PNB | 2013 | calculated=812.3000 | source=8.7000 | difference=803.6000 | category=version difference
PNB | 2013 | calculated=812.3000 | source=8.7000 | difference=803.6000 | category=version difference
PNB | 2013 | calculated=812.3000 | source=8.7000 | difference=803.6000 | category=version difference
PNB | 2013 | calculated=812.3000 | source=8.7000 | difference=803.6000 | category=version difference
PNB | 2013 | calculated=812.3000 | source=8.7000 | difference=803.6000 | category=version difference
PNB | 2014 | calculated=393.3600 | source=8.7000 | difference=384.6600 | category=version difference
PNB | 2014 | calculated=393.3600 | source=8.7000 | difference=384.6600 | category=version difference
PNB | 2014 | calculated=393.3600 | source=8.7000 | difference=384.6600 | category=version difference
PNB | 2014 | calculated=393.3600 | source=8.7000 | difference=384.6600 | category=version difference
PNB | 2014 | calculated=393.3600 | source=8.7000 | difference=384.6600 | category=version difference
PNB | 2015 | calculated=223.2400 | source=8.7000 | difference=214.5400 | category=version difference
PNB | 2015 | calculated=223.2400 | source=8.7000 | difference=214.5400 | category=version difference
PNB | 2015 | calculated=223.2400 | source=8.7000 | difference=214.5400 | category=version difference
PNB | 2015 | calculated=223.2400 | source=8.7000 | difference=214.5400 | category=version difference
PNB | 2015 | calculated=223.2400 | source=8.7000 | difference=214.5400 | category=version difference
PNB | 2016 | calculated=-163.5600 | source=8.7000 | difference=172.2600 | category=version difference
PNB | 2016 | calculated=-163.5600 | source=8.7000 | difference=172.2600 | category=version difference
PNB | 2016 | calculated=-163.5600 | source=8.7000 | difference=172.2600 | category=version difference
PNB | 2016 | calculated=-163.5600 | source=8.7000 | difference=172.2600 | category=version difference
PNB | 2016 | calculated=-163.5600 | source=8.7000 | difference=172.2600 | category=version difference
PNB | 2017 | calculated=22.2100 | source=8.7000 | difference=13.5100 | category=formula discrepancy
PNB | 2017 | calculated=22.2100 | source=8.7000 | difference=13.5100 | category=formula discrepancy
PNB | 2017 | calculated=22.2100 | source=8.7000 | difference=13.5100 | category=formula discrepancy
PNB | 2017 | calculated=22.2100 | source=8.7000 | difference=13.5100 | category=formula discrepancy
PNB | 2017 | calculated=22.2100 | source=8.7000 | difference=13.5100 | category=formula discrepancy
PNB | 2018 | calculated=-184.3700 | source=8.7000 | difference=193.0700 | category=version difference
PNB | 2018 | calculated=-184.3700 | source=8.7000 | difference=193.0700 | category=version difference
PNB | 2018 | calculated=-184.3700 | source=8.7000 | difference=193.0700 | category=version difference
PNB | 2018 | calculated=-184.3700 | source=8.7000 | difference=193.0700 | category=version difference
PNB | 2018 | calculated=-184.3700 | source=8.7000 | difference=193.0700 | category=version difference
PNB | 2019 | calculated=-128.4500 | source=8.7000 | difference=137.1500 | category=version difference
PNB | 2019 | calculated=-128.4500 | source=8.7000 | difference=137.1500 | category=version difference
PNB | 2019 | calculated=-128.4500 | source=8.7000 | difference=137.1500 | category=version difference
PNB | 2019 | calculated=-128.4500 | source=8.7000 | difference=137.1500 | category=version difference
PNB | 2019 | calculated=-128.4500 | source=8.7000 | difference=137.1500 | category=version difference
PNB | 2021 | calculated=30.3900 | source=8.7000 | difference=21.6900 | category=formula discrepancy
PNB | 2021 | calculated=30.3900 | source=8.7000 | difference=21.6900 | category=formula discrepancy
PNB | 2021 | calculated=30.3900 | source=8.7000 | difference=21.6900 | category=formula discrepancy
PNB | 2021 | calculated=30.3900 | source=8.7000 | difference=21.6900 | category=formula discrepancy
PNB | 2021 | calculated=30.3900 | source=8.7000 | difference=21.6900 | category=formula discrepancy
PNB | 2022 | calculated=39.8700 | source=8.7000 | difference=31.1700 | category=version difference
PNB | 2022 | calculated=39.8700 | source=8.7000 | difference=31.1700 | category=version difference
PNB | 2022 | calculated=39.8700 | source=8.7000 | difference=31.1700 | category=version difference
PNB | 2022 | calculated=39.8700 | source=8.7000 | difference=31.1700 | category=version difference
PNB | 2022 | calculated=39.8700 | source=8.7000 | difference=31.1700 | category=version difference
PNB | 2023 | calculated=30.6700 | source=8.7000 | difference=21.9700 | category=formula discrepancy
PNB | 2023 | calculated=30.6700 | source=8.7000 | difference=21.9700 | category=formula discrepancy
PNB | 2023 | calculated=30.6700 | source=8.7000 | difference=21.9700 | category=formula discrepancy
PNB | 2023 | calculated=30.6700 | source=8.7000 | difference=21.9700 | category=formula discrepancy
PNB | 2023 | calculated=30.6700 | source=8.7000 | difference=21.9700 | category=formula discrepancy
PNB | 2024 | calculated=61.3200 | source=8.7000 | difference=52.6200 | category=version difference
PNB | 2024 | calculated=61.3200 | source=8.7000 | difference=52.6200 | category=version difference
PNB | 2024 | calculated=61.3200 | source=8.7000 | difference=52.6200 | category=version difference
PNB | 2024 | calculated=61.3200 | source=8.7000 | difference=52.6200 | category=version difference
PNB | 2024 | calculated=61.3200 | source=8.7000 | difference=52.6200 | category=version difference
POWERGRID | 2014 | calculated=13.1100 | source=19.0000 | difference=5.8900 | category=formula discrepancy
POWERGRID | 2014 | calculated=13.1100 | source=19.0000 | difference=5.8900 | category=formula discrepancy
POWERGRID | 2015 | calculated=13.1300 | source=19.0000 | difference=5.8700 | category=formula discrepancy
POWERGRID | 2015 | calculated=13.1300 | source=19.0000 | difference=5.8700 | category=formula discrepancy
POWERGRID | 2016 | calculated=13.5500 | source=19.0000 | difference=5.4500 | category=formula discrepancy
POWERGRID | 2016 | calculated=13.5500 | source=19.0000 | difference=5.4500 | category=formula discrepancy
RECLTD | 2018 | calculated=13.6600 | source=22.2000 | difference=8.5400 | category=formula discrepancy
RECLTD | 2019 | calculated=16.6200 | source=22.2000 | difference=5.5800 | category=formula discrepancy
RECLTD | 2020 | calculated=14.0500 | source=22.2000 | difference=8.1500 | category=formula discrepancy
SBILIFE | 2013 | calculated=23.0300 | source=12.0000 | difference=11.0300 | category=formula discrepancy
SBILIFE | 2014 | calculated=21.6900 | source=12.0000 | difference=9.6900 | category=formula discrepancy
SBILIFE | 2015 | calculated=20.0900 | source=12.0000 | difference=8.0900 | category=formula discrepancy
SBILIFE | 2016 | calculated=17.8300 | source=12.0000 | difference=5.8300 | category=formula discrepancy
SBILIFE | 2017 | calculated=17.2000 | source=12.0000 | difference=5.2000 | category=formula discrepancy
SBILIFE | 2018 | calculated=17.6200 | source=12.0000 | difference=5.6200 | category=formula discrepancy
SBILIFE | 2019 | calculated=17.5200 | source=12.0000 | difference=5.5200 | category=formula discrepancy
SHREECEM | 2013 | calculated=26.1200 | source=12.2000 | difference=13.9200 | category=formula discrepancy
SHREECEM | 2017 | calculated=17.3900 | source=12.2000 | difference=5.1900 | category=formula discrepancy
SHRIRAMFIN | 2022 | calculated=10.4300 | source=15.9000 | difference=5.4700 | category=formula discrepancy
SIEMENS | 2014 | calculated=13.7800 | source=19.1000 | difference=5.3200 | category=formula discrepancy
SIEMENS | 2016 | calculated=42.8300 | source=19.1000 | difference=23.7300 | category=formula discrepancy
SIEMENS | 2018 | calculated=10.8600 | source=19.1000 | difference=8.2400 | category=formula discrepancy
SIEMENS | 2019 | calculated=12.1400 | source=19.1000 | difference=6.9600 | category=formula discrepancy
SIEMENS | 2020 | calculated=8.1000 | source=19.1000 | difference=11.0000 | category=formula discrepancy
SIEMENS | 2021 | calculated=10.5200 | source=19.1000 | difference=8.5800 | category=formula discrepancy
SIEMENS | 2022 | calculated=13.2900 | source=19.1000 | difference=5.8100 | category=formula discrepancy
SUNPHARMA | 2013 | calculated=23.1400 | source=16.7000 | difference=6.4400 | category=formula discrepancy
SUNPHARMA | 2018 | calculated=6.6300 | source=16.7000 | difference=10.0700 | category=formula discrepancy
SUNPHARMA | 2019 | calculated=7.7500 | source=16.7000 | difference=8.9500 | category=formula discrepancy
SUNPHARMA | 2020 | calculated=9.2200 | source=16.7000 | difference=7.4800 | category=formula discrepancy
SUNPHARMA | 2021 | calculated=4.8900 | source=16.7000 | difference=11.8100 | category=formula discrepancy
SUNPHARMA | 2022 | calculated=7.0600 | source=16.7000 | difference=9.6400 | category=formula discrepancy
TATACONSUM | 2016 | calculated=-0.5900 | source=8.3200 | difference=8.9100 | category=formula discrepancy
TATAMOTORS | 2013 | calculated=26.5100 | source=49.4000 | difference=22.8900 | category=formula discrepancy
TATAMOTORS | 2014 | calculated=21.4200 | source=49.4000 | difference=27.9800 | category=version difference
TATAMOTORS | 2015 | calculated=25.0100 | source=49.4000 | difference=24.3900 | category=formula discrepancy
TATAMOTORS | 2016 | calculated=14.7900 | source=49.4000 | difference=34.6100 | category=version difference
TATAMOTORS | 2017 | calculated=13.0200 | source=49.4000 | difference=36.3800 | category=version difference
TATAMOTORS | 2018 | calculated=9.5300 | source=49.4000 | difference=39.8700 | category=version difference
TATAMOTORS | 2019 | calculated=-47.7300 | source=49.4000 | difference=97.1300 | category=version difference
TATAMOTORS | 2020 | calculated=-18.9800 | source=49.4000 | difference=68.3800 | category=version difference
TATAMOTORS | 2021 | calculated=-24.2500 | source=49.4000 | difference=73.6500 | category=version difference
TATAMOTORS | 2022 | calculated=-25.3800 | source=49.4000 | difference=74.7800 | category=version difference
TATAMOTORS | 2023 | calculated=5.9400 | source=49.4000 | difference=43.4600 | category=version difference
TATAMOTORS | 2024 | calculated=37.4600 | source=49.4000 | difference=11.9400 | category=formula discrepancy
TATAPOWER | 2013 | calculated=1.0000 | source=11.3000 | difference=10.3000 | category=formula discrepancy
TATAPOWER | 2014 | calculated=0.1000 | source=11.3000 | difference=11.2000 | category=formula discrepancy
TATAPOWER | 2015 | calculated=3.1900 | source=11.3000 | difference=8.1100 | category=formula discrepancy
TATASTEEL | 2013 | calculated=-21.2800 | source=6.5500 | difference=27.8300 | category=version difference
TATASTEEL | 2015 | calculated=-12.5600 | source=6.5500 | difference=19.1100 | category=formula discrepancy
TATASTEEL | 2016 | calculated=-1.1400 | source=6.5500 | difference=7.6900 | category=formula discrepancy
TATASTEEL | 2017 | calculated=-11.0200 | source=6.5500 | difference=17.5700 | category=formula discrepancy
TATASTEEL | 2018 | calculated=29.1500 | source=6.5500 | difference=22.6000 | category=formula discrepancy
TATASTEEL | 2019 | calculated=13.2300 | source=6.5500 | difference=6.6800 | category=formula discrepancy
TATASTEEL | 2022 | calculated=36.4800 | source=6.5500 | difference=29.9300 | category=version difference
TATASTEEL | 2024 | calculated=-5.3300 | source=6.5500 | difference=11.8800 | category=formula discrepancy
TCS | 2013 | calculated=36.5200 | source=0.5200 | difference=36.0000 | category=version difference
TCS | 2014 | calculated=39.3000 | source=0.5200 | difference=38.7800 | category=version difference
TCS | 2015 | calculated=39.6200 | source=0.5200 | difference=39.1000 | category=version difference
TCS | 2016 | calculated=34.2400 | source=0.5200 | difference=33.7200 | category=version difference
TCS | 2017 | calculated=30.5700 | source=0.5200 | difference=30.0500 | category=version difference
TCS | 2018 | calculated=30.4000 | source=0.5200 | difference=29.8800 | category=version difference
TCS | 2019 | calculated=35.2900 | source=0.5200 | difference=34.7700 | category=version difference
TCS | 2020 | calculated=38.5700 | source=0.5200 | difference=38.0500 | category=version difference
TCS | 2021 | calculated=37.6700 | source=0.5200 | difference=37.1500 | category=version difference
TCS | 2022 | calculated=43.1300 | source=0.5200 | difference=42.6100 | category=version difference
TCS | 2023 | calculated=46.7800 | source=0.5200 | difference=46.2600 | category=version difference
TCS | 2024 | calculated=50.9400 | source=0.5200 | difference=50.4200 | category=version difference
TECHM | 2013 | calculated=24.0900 | source=8.6300 | difference=15.4600 | category=formula discrepancy
TECHM | 2013 | calculated=24.0900 | source=8.6300 | difference=15.4600 | category=formula discrepancy
TECHM | 2014 | calculated=33.3500 | source=8.6300 | difference=24.7200 | category=formula discrepancy
TECHM | 2014 | calculated=33.3500 | source=8.6300 | difference=24.7200 | category=formula discrepancy
TECHM | 2015 | calculated=21.7100 | source=8.6300 | difference=13.0800 | category=formula discrepancy
TECHM | 2015 | calculated=21.7100 | source=8.6300 | difference=13.0800 | category=formula discrepancy
TECHM | 2016 | calculated=20.7500 | source=8.6300 | difference=12.1200 | category=formula discrepancy
TECHM | 2016 | calculated=20.7500 | source=8.6300 | difference=12.1200 | category=formula discrepancy
TECHM | 2017 | calculated=17.3500 | source=8.6300 | difference=8.7200 | category=formula discrepancy
TECHM | 2017 | calculated=17.3500 | source=8.6300 | difference=8.7200 | category=formula discrepancy
TECHM | 2018 | calculated=20.0900 | source=8.6300 | difference=11.4600 | category=formula discrepancy
TECHM | 2018 | calculated=20.0900 | source=8.6300 | difference=11.4600 | category=formula discrepancy
TECHM | 2019 | calculated=21.1400 | source=8.6300 | difference=12.5100 | category=formula discrepancy
TECHM | 2019 | calculated=21.1400 | source=8.6300 | difference=12.5100 | category=formula discrepancy
TECHM | 2020 | calculated=17.8700 | source=8.6300 | difference=9.2400 | category=formula discrepancy
TECHM | 2020 | calculated=17.8700 | source=8.6300 | difference=9.2400 | category=formula discrepancy
TECHM | 2021 | calculated=17.5100 | source=8.6300 | difference=8.8800 | category=formula discrepancy
TECHM | 2021 | calculated=17.5100 | source=8.6300 | difference=8.8800 | category=formula discrepancy
TECHM | 2022 | calculated=20.9400 | source=8.6300 | difference=12.3100 | category=formula discrepancy
TECHM | 2022 | calculated=20.9400 | source=8.6300 | difference=12.3100 | category=formula discrepancy
TECHM | 2023 | calculated=17.3900 | source=8.6300 | difference=8.7600 | category=formula discrepancy
TECHM | 2023 | calculated=17.3900 | source=8.6300 | difference=8.7600 | category=formula discrepancy
TITAN | 2015 | calculated=26.4600 | source=32.9000 | difference=6.4400 | category=formula discrepancy
TITAN | 2016 | calculated=19.2500 | source=32.9000 | difference=13.6500 | category=formula discrepancy
TITAN | 2017 | calculated=16.4700 | source=32.9000 | difference=16.4300 | category=formula discrepancy
TITAN | 2018 | calculated=21.6500 | source=32.9000 | difference=11.2500 | category=formula discrepancy
TITAN | 2019 | calculated=22.8800 | source=32.9000 | difference=10.0200 | category=formula discrepancy
TITAN | 2020 | calculated=22.3900 | source=32.9000 | difference=10.5100 | category=formula discrepancy
TITAN | 2021 | calculated=12.9900 | source=32.9000 | difference=19.9100 | category=formula discrepancy
TITAN | 2022 | calculated=23.6300 | source=32.9000 | difference=9.2700 | category=formula discrepancy
TITAN | 2023 | calculated=27.6300 | source=32.9000 | difference=5.2700 | category=formula discrepancy
TORNTPHARM | 2013 | calculated=30.5900 | source=24.2000 | difference=6.3900 | category=formula discrepancy
TORNTPHARM | 2014 | calculated=34.8900 | source=24.2000 | difference=10.6900 | category=formula discrepancy
TORNTPHARM | 2015 | calculated=30.1500 | source=24.2000 | difference=5.9500 | category=formula discrepancy
TORNTPHARM | 2016 | calculated=49.6000 | source=24.2000 | difference=25.4000 | category=version difference
TORNTPHARM | 2018 | calculated=14.6700 | source=24.2000 | difference=9.5300 | category=formula discrepancy
TORNTPHARM | 2019 | calculated=9.2300 | source=24.2000 | difference=14.9700 | category=formula discrepancy
TORNTPHARM | 2022 | calculated=13.0500 | source=24.2000 | difference=11.1500 | category=formula discrepancy
TRENT | 2013 | calculated=-2.1900 | source=27.2000 | difference=29.3900 | category=version difference
TRENT | 2014 | calculated=-1.9200 | source=27.2000 | difference=29.1200 | category=version difference
TRENT | 2015 | calculated=9.0700 | source=27.2000 | difference=18.1300 | category=formula discrepancy
TRENT | 2016 | calculated=3.7600 | source=27.2000 | difference=23.4400 | category=formula discrepancy
TRENT | 2017 | calculated=5.4900 | source=27.2000 | difference=21.7100 | category=formula discrepancy
TRENT | 2018 | calculated=5.4500 | source=27.2000 | difference=21.7500 | category=formula discrepancy
TRENT | 2019 | calculated=5.7700 | source=27.2000 | difference=21.4300 | category=formula discrepancy
TRENT | 2020 | calculated=4.4400 | source=27.2000 | difference=22.7600 | category=formula discrepancy
TRENT | 2021 | calculated=-7.8300 | source=27.2000 | difference=35.0300 | category=version difference
TRENT | 2022 | calculated=1.4800 | source=27.2000 | difference=25.7200 | category=version difference
TRENT | 2023 | calculated=15.1800 | source=27.2000 | difference=12.0200 | category=formula discrepancy
TRENT | 2024 | calculated=36.3100 | source=27.2000 | difference=9.1100 | category=formula discrepancy

KNOWN SOURCE ANOMALY CHECK
------------------------------------------------------------------------------
TCS source ROE: 0.52
TCS source ROCE: 64.3
TCS source values are retained for display only; ratio-engine values are used for analytics.

SUMMARY
------------------------------------------------------------------------------
Financials companies: 23
Financials high-leverage flags: 0
ROCE anomalies: 833
ROE anomalies: 603
Financials carve-out: PASS
